Workbook
Name 室内光缆: RD!$A$2:$A$13
Name 室外光缆: RD!$A$14:$A$22
Name 网线: RD!$A$27:$A$40
Name 电话线: RD!$A$41:$A$44
Name 大对数电缆: RD!$A$23:$A$26
Name RVV信号线: RD!$A$45:$A$61
Name RVVP信号线: RD!$A$67:$A$86
Name RVS信号线: RD!$A$62:$A$66
Name RVSP信号线: RD!$A$87:$A$91
Name 话筒线: RD!$A$92:$A$97
Name 音响线: RD!$A$98:$A$104
Name 同轴线缆: RD!$A$105:$A$111
Name 电梯随行电缆: RD!$A$112:$A$113
Name RVV电源线: QD!$A$2:$A$7
Name BV电源线: QD!$A$8:$A$11
Name BVR电源线: QD!$A$12:$A$15
Name YJV3芯电源线: QD!$A$16:$A$22
Name YJV5芯电源线: QD!$A$23:$A$44
Name RDWJ: RD!$B$2:$B$138
Name RDJMJ: RD!$C$2:$C$138
Name RDGS: RD!$D$2:$D$138
Name QDGS: QD!$D$2:$D$57
Name QDWJ: QD!$B$2:$B$57
Name QDJMJ: QD!$C$2:$C$57
Name RDDXWJ: RD!$B$7:$B$26
Name RDDXGS: RD!$D$7:$D$26

Sheet 线管桥架计算
B1: 常用线缆穿管、桥架计算
B2: 《民用建筑电气设计标准》GB 51348-2019 | C2: 弱电线管 | D2: 26.5.7 1 单根25对及以上的大对数对绞电缆、12芯及以上光缆或单根其他弱电主干线缆，当在1根直线导管内敷设时，其管径利用率不宜大于50%；当在1根弯曲段导管内敷设时，其管径利用率不宜大于40%。 | N2: 0.4 | Q2: 选择管材类型 | R2: 套接紧定式钢管（JDG）
D3: 26.5.7 2 同一根导管内敷设多根4对对绞电缆或多根4芯及以下配线光缆或多根其他弱电线缆时，其管径截面积利用率不应大于30%。 | N3: 0.3 | Q3: 弱电线缆
C4: 弱电桥架 | D4: 26.5.7 3 同一根槽盒内可同时敷设多根电缆或光缆，其电缆槽盒截面积利用率不应大于50%。 | N4: 0.5 | Q4: 线缆总根数 | R4: =SUM(RDGS) -> 1 | V4: 线缆总截面积 | W4: =SUMPRODUCT(RDJMJ,RDGS) -> 18.095574
Q5: 建议管径 | R5: {=_xlfn.IFS(R4=0,"-",AND(R4=1,SUM(RDDXGS)=1),_xlfn.IFS($R$2="低压流体输送用焊接钢管（SC）",_xlfn.XLOOKUP(_xlfn.XLOOKUP(1,RDDXGS,RDDXWJ,0,0,1)/$N$2,基础数据!$N$4:$N$15,基础数据!$K$4:$K$15,"建议桥架敷设",1,1),$R$2="套接紧定式钢管（JDG）",_xlfn.XLOOKUP(_xlfn.XLOOKUP(1,RDDXGS,RDDXWJ,0,0,1)/$N$2,基础数据!$N$16:$N$21,基础数据!$K$16:$K$21,"建议桥架敷设",1,1),$R$2="聚氯乙烯硬质电线管（PC）",_xlfn.XLOOKUP(_xlfn.XLOOKUP(1,RDDXGS,RDDXWJ,0,0,1)/$N$2,基础数据!$N$22:$N$27,基础数据!$K$22:$K$27,"建议桥架敷设",1,1),$R$2="聚氯乙烯半硬质电线管（FPC）",_xlfn.XLOOKUP(_xlfn.XLOOKUP(1,RDDXGS,RDDXWJ,0,0,1)/$N$2,基础数据!$N$28:$N$33,基础数据!$K$28:$K$33,"建议桥架敷设",1,1),$R$2="聚氯乙烯（PVC-U）",_xlfn.XLOOKUP(_xlfn.XLOOKUP(1,RDDXGS,RDDXWJ,0,0,1)/$N$2,基础数据!$N$37:$N$46,基础数据!$K$37:$K$46,"建议桥架敷设",1,1),$R$2="聚乙烯（PE）",_xlfn.XLOOKUP(_xlfn.XLOOKUP(1,RDDXGS,RDDXWJ,0,0,1)/$N$2,基础数据!$N$51:$N$62,基础数据!$K$51:$K$62,"建议桥架敷设",1,1),$R$2="双壁波纹管",_xlfn.XLOOKUP(_xlfn.XLOOKUP(1,RDDXGS,RDDXWJ,0,0,1)/$N$2,基础数据!$N$67:$N$72,基础数据!$K$67:$K$72,"建议桥架敷设",1,1),$R$2="套接扣压式薄壁钢导管（KBG）",_xlfn.XLOOKUP(_xlfn.XLOOKUP(1,RDDXGS,RDDXWJ,0,0,1)/$N$2,基础数据!$N$106:$N$110,基础数据!$K$106:$K$110,"建议桥架敷设",1,1)),$R$2="低压流体输送用焊接钢管（SC）",_xlfn.XLOOKUP(W4/$N$3,基础数据!$O$4:$O$15,基础数据!$K$4:$K$15,"建议桥架敷设",1,1),$R$2="套接紧定式钢管（JDG）",_xlfn.XLOOKUP(W4/$N$3,基础数据!$O$16:$O$21,基础数据!$K$16:$K$21,"建议桥架敷设",1,1),$R$2="聚氯乙烯硬质电线管（PC）",_xlfn.XLOOKUP(W4/$N$3,基础数据!$O$22:$O$27,基础数据!$K$22:$K$27,"建议桥架敷设",1,1),$R$2="聚氯乙烯半硬质电线管（FPC）",_xlfn.XLOOKUP(W4/$N$3,基础数据!$O$28:$O$33,基础数据!$K$28:$K$33,"建议桥架敷设",1,1),$R$2="聚氯乙烯（PVC-U）",_xlfn.XLOOKUP(W4/$N$3,基础数据!$O$37:$O$46,基础数据!$K$37:$K$46,"建议桥架敷设",1,1),$R$2="聚乙烯（PE）",_xlfn.XLOOKUP(W4/$N$3,基础数据!$O$51:$O$62,基础数据!$K$51:$K$62,"建议桥架敷设",1,1),$R$2="双壁波纹管",_xlfn.XLOOKUP(W4/$N$3,基础数据!$O$67:$O$72,基础数据!$K$67:$K$72,"建议桥架敷设",1,1),$R$2="套接扣压式薄壁钢导管（KBG）",_xlfn.XLOOKUP(W4/$N$3,基础数据!$O$106:$O$110,基础数据!$K$106:$K$110,"建议桥架敷设",1,1))} -> Φ16 | V5: 线管截面积 | W5: =_xlfn.IFS($R$2="低压流体输送用焊接钢管（SC）",_xlfn.XLOOKUP(R5,基础数据!$K$4:$K$15,基础数据!$O$4:$O$15,"-",0,1),$R$2="套接紧定式钢管（JDG）",_xlfn.XLOOKUP(R5,基础数据!$K$16:$K$21,基础数据!$O$16:$O$21,"-",0,1),$R$2="聚氯乙烯硬质电线管（PC）",_xlfn.XLOOKUP(R5,基础数据!$K$22:$K$27,基础数据!$O$22:$O$27,"-",0,1),$R$2="聚氯乙烯半硬质电线管（FPC）",_xlfn.XLOOKUP(R5,基础数据!$K$28:$K$33,基础数据!$O$28:$O$33,"-",0,1),$R$2="聚氯乙烯（PVC-U）",_xlfn.XLOOKUP(R5,基础数据!$K$37:$K$46,基础数据!$O$37:$O$46,"-",0,1),$R$2="聚乙烯（PE）",_xlfn.XLOOKUP(R5,基础数据!$K$51:$K$62,基础数据!$O$51:$O$62,"-",0,1),$R$2="双壁波纹管",_xlfn.XLOOKUP(R5,基础数据!$K$67:$K$72,基础数据!$O$67:$O$72,"-",0,1),$R$2="套接扣压式薄壁钢导管（KBG）",_xlfn.XLOOKUP(R5,基础数据!$K$106:$K$110,基础数据!$O$106:$O$110,"-",0,1)) -> 132
Q6: 建议桥架规格 | R6: =IF(W4=0,"-",_xlfn.XLOOKUP(W4/$N$4,基础数据!$X$4:$X$26,基础数据!$U$4:$U$26,"线缆过多，请手动选择桥架",1,1)) -> 50*50 | V6: 桥架截面积 | W6: =_xlfn.XLOOKUP(R6,基础数据!$U$4:$U$26,基础数据!$X$4:$X$26,"-",0,1) -> 2500
B8: 光缆 | C8: 外径 | D8: 截面积 | E8: 根数 | F8: 建议管径 | G8: 铜缆 | H8: 外径 | I8: 截面积 | J8: 根数 | K8: 建议管径 | L8: 信号线 | M8: 外径 | N8: 截面积 | O8: 根数 | P8: 建议管径 | Q8: 信号线 | R8: 外径 | S8: 截面积 | T8: 根数 | U8: 建议管径 | V8: 话筒线 | W8: 外径 | X8: 截面积 | Y8: 根数 | Z8: 建议管径
B9: 2芯皮线光缆 | C9: 3 | D9: =天诚!D30 -> 6 | F9: =_xlfn.IFS(E9=0,"-",$R$2="低压流体输送用焊接钢管（SC）",_xlfn.XLOOKUP(D9*E9/$N$3,基础数据!$O$4:$O$15,基础数据!$K$4:$K$15,"建议桥架敷设",1,1),$R$2="套接紧定式钢管（JDG）",_xlfn.XLOOKUP(D9*E9/$N$3,基础数据!$O$16:$O$21,基础数据!$K$16:$K$21,"建议桥架敷设",1,1),$R$2="聚氯乙烯硬质电线管（PC）",_xlfn.XLOOKUP(D9*E9/$N$3,基础数据!$O$22:$O$27,基础数据!$K$22:$K$27,"建议桥架敷设",1,1),$R$2="聚氯乙烯半硬质电线管（FPC）",_xlfn.XLOOKUP(D9*E9/$N$3,基础数据!$O$28:$O$33,基础数据!$K$28:$K$33,"建议桥架敷设",1,1),$R$2="聚氯乙烯（PVC-U）",_xlfn.XLOOKUP(D9*E9/$N$3,基础数据!$O$37:$O$46,基础数据!$K$37:$K$46,"建议桥架敷设",1,1),$R$2="聚乙烯（PE）",_xlfn.XLOOKUP(D9*E9/$N$3,基础数据!$O$51:$O$62,基础数据!$K$51:$K$62,"建议桥架敷设",1,1),$R$2="双壁波纹管",_xlfn.XLOOKUP(D9*E9/$N$3,基础数据!$O$67:$O$72,基础数据!$K$67:$K$72,"建议桥架敷设",1,1),$R$2="套接扣压式薄壁钢导管（KBG）",_xlfn.XLOOKUP(D9*E9/$N$3,基础数据!$O$106:$O$110,基础数据!$K$106:$K$110,"建议桥架敷设",1,1)) -> - | G9: =天诚!B4 -> UTP-CAT.5E | H9: =天诚!C4 -> 5.3 | I9: =(H9/2)^2*PI() -> 22.061834 | K9: =_xlfn.IFS(J9=0,"-",$R$2="低压流体输送用焊接钢管（SC）",_xlfn.XLOOKUP(I9*J9/$N$3,基础数据!$O$4:$O$15,基础数据!$K$4:$K$15,"建议桥架敷设",1,1),$R$2="套接紧定式钢管（JDG）",_xlfn.XLOOKUP(I9*J9/$N$3,基础数据!$O$16:$O$21,基础数据!$K$16:$K$21,"建议桥架敷设",1,1),$R$2="聚氯乙烯硬质电线管（PC）",_xlfn.XLOOKUP(I9*J9/$N$3,基础数据!$O$22:$O$27,基础数据!$K$22:$K$27,"建议桥架敷设",1,1),$R$2="聚氯乙烯半硬质电线管（FPC）",_xlfn.XLOOKUP(I9*J9/$N$3,基础数据!$O$28:$O$33,基础数据!$K$28:$K$33,"建议桥架敷设",1,1),$R$2="聚氯乙烯（PVC-U）",_xlfn.XLOOKUP(I9*J9/$N$3,基础数据!$O$37:$O$46,基础数据!$K$37:$K$46,"建议桥架敷设",1,1),$R$2="聚乙烯（PE）",_xlfn.XLOOKUP(I9*J9/$N$3,基础数据!$O$51:$O$62,基础数据!$K$51:$K$62,"建议桥架敷设",1,1),$R$2="双壁波纹管",_xlfn.XLOOKUP(I9*J9/$N$3,基础数据!$O$67:$O$72,基础数据!$K$67:$K$72,"建议桥架敷设",1,1),$R$2="套接扣压式薄壁钢导管（KBG）",_xlfn.XLOOKUP(I9*J9/$N$3,基础数据!$O$106:$O$110,基础数据!$K$106:$K$110,"建议桥架敷设",1,1)) -> - | L9: =飞鹤!A14 -> RVV-2*0.5 | M9: =飞鹤!B14 -> 5.9 | N9: =(M9/2)^2*PI() -> 27.33971 | P9: =_xlfn.IFS(O9=0,"-",$R$2="低压流体输送用焊接钢管（SC）",_xlfn.XLOOKUP(N9*O9/$N$3,基础数据!$O$4:$O$15,基础数据!$K$4:$K$15,"建议桥架敷设",1,1),$R$2="套接紧定式钢管（JDG）",_xlfn.XLOOKUP(N9*O9/$N$3,基础数据!$O$16:$O$21,基础数据!$K$16:$K$21,"建议桥架敷设",1,1),$R$2="聚氯乙烯硬质电线管（PC）",_xlfn.XLOOKUP(N9*O9/$N$3,基础数据!$O$22:$O$27,基础数据!$K$22:$K$27,"建议桥架敷设",1,1),$R$2="聚氯乙烯半硬质电线管（FPC）",_xlfn.XLOOKUP(N9*O9/$N$3,基础数据!$O$28:$O$33,基础数据!$K$28:$K$33,"建议桥架敷设",1,1),$R$2="聚氯乙烯（PVC-U）",_xlfn.XLOOKUP(N9*O9/$N$3,基础数据!$O$37:$O$46,基础数据!$K$37:$K$46,"建议桥架敷设",1,1),$R$2="聚乙烯（PE）",_xlfn.XLOOKUP(N9*O9/$N$3,基础数据!$O$51:$O$62,基础数据!$K$51:$K$62,"建议桥架敷设",1,1),$R$2="双壁波纹管",_xlfn.XLOOKUP(N9*O9/$N$3,基础数据!$O$67:$O$72,基础数据!$K$67:$K$72,"建议桥架敷设",1,1),$R$2="套接扣压式薄壁钢导管（KBG）",_xlfn.XLOOKUP(N9*O9/$N$3,基础数据!$O$106:$O$110,基础数据!$K$106:$K$110,"建议桥架敷设",1,1)) -> - | Q9: =飞鹤!A86 -> RVVP-2*0.5 | R9: =飞鹤!B86 -> 6.8 | S9: =(R9/2)^2*PI() -> 36.316811 | U9: =_xlfn.IFS(T9=0,"-",$R$2="低压流体输送用焊接钢管（SC）",_xlfn.XLOOKUP(S9*T9/$N$3,基础数据!$O$4:$O$15,基础数据!$K$4:$K$15,"建议桥架敷设",1,1),$R$2="套接紧定式钢管（JDG）",_xlfn.XLOOKUP(S9*T9/$N$3,基础数据!$O$16:$O$21,基础数据!$K$16:$K$21,"建议桥架敷设",1,1),$R$2="聚氯乙烯硬质电线管（PC）",_xlfn.XLOOKUP(S9*T9/$N$3,基础数据!$O$22:$O$27,基础数据!$K$22:$K$27,"建议桥架敷设",1,1),$R$2="聚氯乙烯半硬质电线管（FPC）",_xlfn.XLOOKUP(S9*T9/$N$3,基础数据!$O$28:$O$33,基础数据!$K$28:$K$33,"建议桥架敷设",1,1),$R$2="聚氯乙烯（PVC-U）",_xlfn.XLOOKUP(S9*T9/$N$3,基础数据!$O$37:$O$46,基础数据!$K$37:$K$46,"建议桥架敷设",1,1),$R$2="聚乙烯（PE）",_xlfn.XLOOKUP(S9*T9/$N$3,基础数据!$O$51:$O$62,基础数据!$K$51:$K$62,"建议桥架敷设",1,1),$R$2="双壁波纹管",_xlfn.XLOOKUP(S9*T9/$N$3,基础数据!$O$67:$O$72,基础数据!$K$67:$K$72,"建议桥架敷设",1,1),$R$2="套接扣压式薄壁钢导管（KBG）",_xlfn.XLOOKUP(S9*T9/$N$3,基础数据!$O$106:$O$110,基础数据!$K$106:$K$110,"建议桥架敷设",1,1)) -> - | V9: =天诚!B65 -> HTP-2*20/0.10 | W9: =天诚!C65 -> 6 | X9: =(W9/2)^2*PI() -> 28.274334 | Z9: =_xlfn.IFS(Y9=0,"-",$R$2="低压流体输送用焊接钢管（SC）",_xlfn.XLOOKUP(X9*Y9/$N$3,基础数据!$O$4:$O$15,基础数据!$K$4:$K$15,"建议桥架敷设",1,1),$R$2="套接紧定式钢管（JDG）",_xlfn.XLOOKUP(X9*Y9/$N$3,基础数据!$O$16:$O$21,基础数据!$K$16:$K$21,"建议桥架敷设",1,1),$R$2="聚氯乙烯硬质电线管（PC）",_xlfn.XLOOKUP(X9*Y9/$N$3,基础数据!$O$22:$O$27,基础数据!$K$22:$K$27,"建议桥架敷设",1,1),$R$2="聚氯乙烯半硬质电线管（FPC）",_xlfn.XLOOKUP(X9*Y9/$N$3,基础数据!$O$28:$O$33,基础数据!$K$28:$K$33,"建议桥架敷设",1,1),$R$2="聚氯乙烯（PVC-U）",_xlfn.XLOOKUP(X9*Y9/$N$3,基础数据!$O$37:$O$46,基础数据!$K$37:$K$46,"建议桥架敷设",1,1),$R$2="聚乙烯（PE）",_xlfn.XLOOKUP(X9*Y9/$N$3,基础数据!$O$51:$O$62,基础数据!$K$51:$K$62,"建议桥架敷设",1,1),$R$2="双壁波纹管",_xlfn.XLOOKUP(X9*Y9/$N$3,基础数据!$O$67:$O$72,基础数据!$K$67:$K$72,"建议桥架敷设",1,1),$R$2="套接扣压式薄壁钢导管（KBG）",_xlfn.XLOOKUP(X9*Y9/$N$3,基础数据!$O$106:$O$110,基础数据!$K$106:$K$110,"建议桥架敷设",1,1)) -> -
B10: =长飞!A3 -> 2芯室内光缆 | C10: =长飞!B3 -> 4 | D10: =(C10/2)^2*PI() -> 12.566371 | F10: =_xlfn.IFS(E10=0,"-",$R$2="低压流体输送用焊接钢管（SC）",_xlfn.XLOOKUP(D10*E10/$N$3,基础数据!$O$4:$O$15,基础数据!$K$4:$K$15,"建议桥架敷设",1,1),$R$2="套接紧定式钢管（JDG）",_xlfn.XLOOKUP(D10*E10/$N$3,基础数据!$O$16:$O$21,基础数据!$K$16:$K$21,"建议桥架敷设",1,1),$R$2="聚氯乙烯硬质电线管（PC）",_xlfn.XLOOKUP(D10*E10/$N$3,基础数据!$O$22:$O$27,基础数据!$K$22:$K$27,"建议桥架敷设",1,1),$R$2="聚氯乙烯半硬质电线管（FPC）",_xlfn.XLOOKUP(D10*E10/$N$3,基础数据!$O$28:$O$33,基础数据!$K$28:$K$33,"建议桥架敷设",1,1),$R$2="聚氯乙烯（PVC-U）",_xlfn.XLOOKUP(D10*E10/$N$3,基础数据!$O$37:$O$46,基础数据!$K$37:$K$46,"建议桥架敷设",1,1),$R$2="聚乙烯（PE）",_xlfn.XLOOKUP(D10*E10/$N$3,基础数据!$O$51:$O$62,基础数据!$K$51:$K$62,"建议桥架敷设",1,1),$R$2="双壁波纹管",_xlfn.XLOOKUP(D10*E10/$N$3,基础数据!$O$67:$O$72,基础数据!$K$67:$K$72,"建议桥架敷设",1,1),$R$2="套接扣压式薄壁钢导管（KBG）",_xlfn.XLOOKUP(D10*E10/$N$3,基础数据!$O$106:$O$110,基础数据!$K$106:$K$110,"建议桥架敷设",1,1)) -> - | G10: =天诚!B5 -> FTP-CAT.5E | H10: =天诚!C5 -> 6.5 | I10: =(H10/2)^2*PI() -> 33.183072 | K10: =_xlfn.IFS(J10=0,"-",$R$2="低压流体输送用焊接钢管（SC）",_xlfn.XLOOKUP(I10*J10/$N$3,基础数据!$O$4:$O$15,基础数据!$K$4:$K$15,"建议桥架敷设",1,1),$R$2="套接紧定式钢管（JDG）",_xlfn.XLOOKUP(I10*J10/$N$3,基础数据!$O$16:$O$21,基础数据!$K$16:$K$21,"建议桥架敷设",1,1),$R$2="聚氯乙烯硬质电线管（PC）",_xlfn.XLOOKUP(I10*J10/$N$3,基础数据!$O$22:$O$27,基础数据!$K$22:$K$27,"建议桥架敷设",1,1),$R$2="聚氯乙烯半硬质电线管（FPC）",_xlfn.XLOOKUP(I10*J10/$N$3,基础数据!$O$28:$O$33,基础数据!$K$28:$K$33,"建议桥架敷设",1,1),$R$2="聚氯乙烯（PVC-U）",_xlfn.XLOOKUP(I10*J10/$N$3,基础数据!$O$37:$O$46,基础数据!$K$37:$K$46,"建议桥架敷设",1,1),$R$2="聚乙烯（PE）",_xlfn.XLOOKUP(I10*J10/$N$3,基础数据!$O$51:$O$62,基础数据!$K$51:$K$62,"建议桥架敷设",1,1),$R$2="双壁波纹管",_xlfn.XLOOKUP(I10*J10/$N$3,基础数据!$O$67:$O$72,基础数据!$K$67:$K$72,"建议桥架敷设",1,1),$R$2="套接扣压式薄壁钢导管（KBG）",_xlfn.XLOOKUP(I10*J10/$N$3,基础数据!$O$106:$O$110,基础数据!$K$106:$K$110,"建议桥架敷设",1,1)) -> - | L10: =飞鹤!A15 -> RVV-2*0.75 | M10: =飞鹤!B15 -> 6.3 | N10: =(M10/2)^2*PI() -> 31.172453 | P10: =_xlfn.IFS(O10=0,"-",$R$2="低压流体输送用焊接钢管（SC）",_xlfn.XLOOKUP(N10*O10/$N$3,基础数据!$O$4:$O$15,基础数据!$K$4:$K$15,"建议桥架敷设",1,1),$R$2="套接紧定式钢管（JDG）",_xlfn.XLOOKUP(N10*O10/$N$3,基础数据!$O$16:$O$21,基础数据!$K$16:$K$21,"建议桥架敷设",1,1),$R$2="聚氯乙烯硬质电线管（PC）",_xlfn.XLOOKUP(N10*O10/$N$3,基础数据!$O$22:$O$27,基础数据!$K$22:$K$27,"建议桥架敷设",1,1),$R$2="聚氯乙烯半硬质电线管（FPC）",_xlfn.XLOOKUP(N10*O10/$N$3,基础数据!$O$28:$O$33,基础数据!$K$28:$K$33,"建议桥架敷设",1,1),$R$2="聚氯乙烯（PVC-U）",_xlfn.XLOOKUP(N10*O10/$N$3,基础数据!$O$37:$O$46,基础数据!$K$37:$K$46,"建议桥架敷设",1,1),$R$2="聚乙烯（PE）",_xlfn.XLOOKUP(N10*O10/$N$3,基础数据!$O$51:$O$62,基础数据!$K$51:$K$62,"建议桥架敷设",1,1),$R$2="双壁波纹管",_xlfn.XLOOKUP(N10*O10/$N$3,基础数据!$O$67:$O$72,基础数据!$K$67:$K$72,"建议桥架敷设",1,1),$R$2="套接扣压式薄壁钢导管（KBG）",_xlfn.XLOOKUP(N10*O10/$N$3,基础数据!$O$106:$O$110,基础数据!$K$106:$K$110,"建议桥架敷设",1,1)) -> - | Q10: =飞鹤!A87 -> RVVP-2*0.75 | R10: =飞鹤!B87 -> 7.4 | S10: =(R10/2)^2*PI() -> 43.008403 | U10: =_xlfn.IFS(T10=0,"-",$R$2="低压流体输送用焊接钢管（SC）",_xlfn.XLOOKUP(S10*T10/$N$3,基础数据!$O$4:$O$15,基础数据!$K$4:$K$15,"建议桥架敷设",1,1),$R$2="套接紧定式钢管（JDG）",_xlfn.XLOOKUP(S10*T10/$N$3,基础数据!$O$16:$O$21,基础数据!$K$16:$K$21,"建议桥架敷设",1,1),$R$2="聚氯乙烯硬质电线管（PC）",_xlfn.XLOOKUP(S10*T10/$N$3,基础数据!$O$22:$O$27,基础数据!$K$22:$K$27,"建议桥架敷设",1,1),$R$2="聚氯乙烯半硬质电线管（FPC）",_xlfn.XLOOKUP(S10*T10/$N$3,基础数据!$O$28:$O$33,基础数据!$K$28:$K$33,"建议桥架敷设",1,1),$R$2="聚氯乙烯（PVC-U）",_xlfn.XLOOKUP(S10*T10/$N$3,基础数据!$O$37:$O$46,基础数据!$K$37:$K$46,"建议桥架敷设",1,1),$R$2="聚乙烯（PE）",_xlfn.XLOOKUP(S10*T10/$N$3,基础数据!$O$51:$O$62,基础数据!$K$51:$K$62,"建议桥架敷设",1,1),$R$2="双壁波纹管",_xlfn.XLOOKUP(S10*T10/$N$3,基础数据!$O$67:$O$72,基础数据!$K$67:$K$72,"建议桥架敷设",1,1),$R$2="套接扣压式薄壁钢导管（KBG）",_xlfn.XLOOKUP(S10*T10/$N$3,基础数据!$O$106:$O$110,基础数据!$K$106:$K$110,"建议桥架敷设",1,1)) -> - | V10: =天诚!B66 -> HTP-2*27/0.10 | W10: =天诚!C66 -> 6 | X10: =(W10/2)^2*PI() -> 28.274334 | Z10: =_xlfn.IFS(Y10=0,"-",$R$2="低压流体输送用焊接钢管（SC）",_xlfn.XLOOKUP(X10*Y10/$N$3,基础数据!$O$4:$O$15,基础数据!$K$4:$K$15,"建议桥架敷设",1,1),$R$2="套接紧定式钢管（JDG）",_xlfn.XLOOKUP(X10*Y10/$N$3,基础数据!$O$16:$O$21,基础数据!$K$16:$K$21,"建议桥架敷设",1,1),$R$2="聚氯乙烯硬质电线管（PC）",_xlfn.XLOOKUP(X10*Y10/$N$3,基础数据!$O$22:$O$27,基础数据!$K$22:$K$27,"建议桥架敷设",1,1),$R$2="聚氯乙烯半硬质电线管（FPC）",_xlfn.XLOOKUP(X10*Y10/$N$3,基础数据!$O$28:$O$33,基础数据!$K$28:$K$33,"建议桥架敷设",1,1),$R$2="聚氯乙烯（PVC-U）",_xlfn.XLOOKUP(X10*Y10/$N$3,基础数据!$O$37:$O$46,基础数据!$K$37:$K$46,"建议桥架敷设",1,1),$R$2="聚乙烯（PE）",_xlfn.XLOOKUP(X10*Y10/$N$3,基础数据!$O$51:$O$62,基础数据!$K$51:$K$62,"建议桥架敷设",1,1),$R$2="双壁波纹管",_xlfn.XLOOKUP(X10*Y10/$N$3,基础数据!$O$67:$O$72,基础数据!$K$67:$K$72,"建议桥架敷设",1,1),$R$2="套接扣压式薄壁钢导管（KBG）",_xlfn.XLOOKUP(X10*Y10/$N$3,基础数据!$O$106:$O$110,基础数据!$K$106:$K$110,"建议桥架敷设",1,1)) -> -
B11: =长飞!A4 -> 4芯室内光缆 | C11: =长飞!B4 -> 4.8 | D11: =(C11/2)^2*PI() -> 18.095574 | E11: 1 | F11: =_xlfn.IFS(E11=0,"-",$R$2="低压流体输送用焊接钢管（SC）",_xlfn.XLOOKUP(D11*E11/$N$3,基础数据!$O$4:$O$15,基础数据!$K$4:$K$15,"建议桥架敷设",1,1),$R$2="套接紧定式钢管（JDG）",_xlfn.XLOOKUP(D11*E11/$N$3,基础数据!$O$16:$O$21,基础数据!$K$16:$K$21,"建议桥架敷设",1,1),$R$2="聚氯乙烯硬质电线管（PC）",_xlfn.XLOOKUP(D11*E11/$N$3,基础数据!$O$22:$O$27,基础数据!$K$22:$K$27,"建议桥架敷设",1,1),$R$2="聚氯乙烯半硬质电线管（FPC）",_xlfn.XLOOKUP(D11*E11/$N$3,基础数据!$O$28:$O$33,基础数据!$K$28:$K$33,"建议桥架敷设",1,1),$R$2="聚氯乙烯（PVC-U）",_xlfn.XLOOKUP(D11*E11/$N$3,基础数据!$O$37:$O$46,基础数据!$K$37:$K$46,"建议桥架敷设",1,1),$R$2="聚乙烯（PE）",_xlfn.XLOOKUP(D11*E11/$N$3,基础数据!$O$51:$O$62,基础数据!$K$51:$K$62,"建议桥架敷设",1,1),$R$2="双壁波纹管",_xlfn.XLOOKUP(D11*E11/$N$3,基础数据!$O$67:$O$72,基础数据!$K$67:$K$72,"建议桥架敷设",1,1),$R$2="套接扣压式薄壁钢导管（KBG）",_xlfn.XLOOKUP(D11*E11/$N$3,基础数据!$O$106:$O$110,基础数据!$K$106:$K$110,"建议桥架敷设",1,1)) -> #NAME? | G11: =天诚!B6 -> SFTP-CAT.5E | H11: =天诚!C6 -> 7 | I11: =(H11/2)^2*PI() -> 38.48451 | K11: =_xlfn.IFS(J11=0,"-",$R$2="低压流体输送用焊接钢管（SC）",_xlfn.XLOOKUP(I11*J11/$N$3,基础数据!$O$4:$O$15,基础数据!$K$4:$K$15,"建议桥架敷设",1,1),$R$2="套接紧定式钢管（JDG）",_xlfn.XLOOKUP(I11*J11/$N$3,基础数据!$O$16:$O$21,基础数据!$K$16:$K$21,"建议桥架敷设",1,1),$R$2="聚氯乙烯硬质电线管（PC）",_xlfn.XLOOKUP(I11*J11/$N$3,基础数据!$O$22:$O$27,基础数据!$K$22:$K$27,"建议桥架敷设",1,1),$R$2="聚氯乙烯半硬质电线管（FPC）",_xlfn.XLOOKUP(I11*J11/$N$3,基础数据!$O$28:$O$33,基础数据!$K$28:$K$33,"建议桥架敷设",1,1),$R$2="聚氯乙烯（PVC-U）",_xlfn.XLOOKUP(I11*J11/$N$3,基础数据!$O$37:$O$46,基础数据!$K$37:$K$46,"建议桥架敷设",1,1),$R$2="聚乙烯（PE）",_xlfn.XLOOKUP(I11*J11/$N$3,基础数据!$O$51:$O$62,基础数据!$K$51:$K$62,"建议桥架敷设",1,1),$R$2="双壁波纹管",_xlfn.XLOOKUP(I11*J11/$N$3,基础数据!$O$67:$O$72,基础数据!$K$67:$K$72,"建议桥架敷设",1,1),$R$2="套接扣压式薄壁钢导管（KBG）",_xlfn.XLOOKUP(I11*J11/$N$3,基础数据!$O$106:$O$110,基础数据!$K$106:$K$110,"建议桥架敷设",1,1)) -> - | L11: =飞鹤!A20 -> RVV-2*1.0 | M11: =飞鹤!B20 -> 7.5 | N11: =(M11/2)^2*PI() -> 44.178647 | P11: =_xlfn.IFS(O11=0,"-",$R$2="低压流体输送用焊接钢管（SC）",_xlfn.XLOOKUP(N11*O11/$N$3,基础数据!$O$4:$O$15,基础数据!$K$4:$K$15,"建议桥架敷设",1,1),$R$2="套接紧定式钢管（JDG）",_xlfn.XLOOKUP(N11*O11/$N$3,基础数据!$O$16:$O$21,基础数据!$K$16:$K$21,"建议桥架敷设",1,1),$R$2="聚氯乙烯硬质电线管（PC）",_xlfn.XLOOKUP(N11*O11/$N$3,基础数据!$O$22:$O$27,基础数据!$K$22:$K$27,"建议桥架敷设",1,1),$R$2="聚氯乙烯半硬质电线管（FPC）",_xlfn.XLOOKUP(N11*O11/$N$3,基础数据!$O$28:$O$33,基础数据!$K$28:$K$33,"建议桥架敷设",1,1),$R$2="聚氯乙烯（PVC-U）",_xlfn.XLOOKUP(N11*O11/$N$3,基础数据!$O$37:$O$46,基础数据!$K$37:$K$46,"建议桥架敷设",1,1),$R$2="聚乙烯（PE）",_xlfn.XLOOKUP(N11*O11/$N$3,基础数据!$O$51:$O$62,基础数据!$K$51:$K$62,"建议桥架敷设",1,1),$R$2="双壁波纹管",_xlfn.XLOOKUP(N11*O11/$N$3,基础数据!$O$67:$O$72,基础数据!$K$67:$K$72,"建议桥架敷设",1,1),$R$2="套接扣压式薄壁钢导管（KBG）",_xlfn.XLOOKUP(N11*O11/$N$3,基础数据!$O$106:$O$110,基础数据!$K$106:$K$110,"建议桥架敷设",1,1)) -> - | Q11: =飞鹤!A88 -> RVVP-2*1.0 | R11: =飞鹤!B88 -> 8.2 | S11: =(R11/2)^2*PI() -> 52.810173 | U11: =_xlfn.IFS(T11=0,"-",$R$2="低压流体输送用焊接钢管（SC）",_xlfn.XLOOKUP(S11*T11/$N$3,基础数据!$O$4:$O$15,基础数据!$K$4:$K$15,"建议桥架敷设",1,1),$R$2="套接紧定式钢管（JDG）",_xlfn.XLOOKUP(S11*T11/$N$3,基础数据!$O$16:$O$21,基础数据!$K$16:$K$21,"建议桥架敷设",1,1),$R$2="聚氯乙烯硬质电线管（PC）",_xlfn.XLOOKUP(S11*T11/$N$3,基础数据!$O$22:$O$27,基础数据!$K$22:$K$27,"建议桥架敷设",1,1),$R$2="聚氯乙烯半硬质电线管（FPC）",_xlfn.XLOOKUP(S11*T11/$N$3,基础数据!$O$28:$O$33,基础数据!$K$28:$K$33,"建议桥架敷设",1,1),$R$2="聚氯乙烯（PVC-U）",_xlfn.XLOOKUP(S11*T11/$N$3,基础数据!$O$37:$O$46,基础数据!$K$37:$K$46,"建议桥架敷设",1,1),$R$2="聚乙烯（PE）",_xlfn.XLOOKUP(S11*T11/$N$3,基础数据!$O$51:$O$62,基础数据!$K$51:$K$62,"建议桥架敷设",1,1),$R$2="双壁波纹管",_xlfn.XLOOKUP(S11*T11/$N$3,基础数据!$O$67:$O$72,基础数据!$K$67:$K$72,"建议桥架敷设",1,1),$R$2="套接扣压式薄壁钢导管（KBG）",_xlfn.XLOOKUP(S11*T11/$N$3,基础数据!$O$106:$O$110,基础数据!$K$106:$K$110,"建议桥架敷设",1,1)) -> - | V11: =天诚!B67 -> HTP-2*37/0.10 | W11: =天诚!C67 -> 6 | X11: =(W11/2)^2*PI() -> 28.274334 | Z11: =_xlfn.IFS(Y11=0,"-",$R$2="低压流体输送用焊接钢管（SC）",_xlfn.XLOOKUP(X11*Y11/$N$3,基础数据!$O$4:$O$15,基础数据!$K$4:$K$15,"建议桥架敷设",1,1),$R$2="套接紧定式钢管（JDG）",_xlfn.XLOOKUP(X11*Y11/$N$3,基础数据!$O$16:$O$21,基础数据!$K$16:$K$21,"建议桥架敷设",1,1),$R$2="聚氯乙烯硬质电线管（PC）",_xlfn.XLOOKUP(X11*Y11/$N$3,基础数据!$O$22:$O$27,基础数据!$K$22:$K$27,"建议桥架敷设",1,1),$R$2="聚氯乙烯半硬质电线管（FPC）",_xlfn.XLOOKUP(X11*Y11/$N$3,基础数据!$O$28:$O$33,基础数据!$K$28:$K$33,"建议桥架敷设",1,1),$R$2="聚氯乙烯（PVC-U）",_xlfn.XLOOKUP(X11*Y11/$N$3,基础数据!$O$37:$O$46,基础数据!$K$37:$K$46,"建议桥架敷设",1,1),$R$2="聚乙烯（PE）",_xlfn.XLOOKUP(X11*Y11/$N$3,基础数据!$O$51:$O$62,基础数据!$K$51:$K$62,"建议桥架敷设",1,1),$R$2="双壁波纹管",_xlfn.XLOOKUP(X11*Y11/$N$3,基础数据!$O$67:$O$72,基础数据!$K$67:$K$72,"建议桥架敷设",1,1),$R$2="套接扣压式薄壁钢导管（KBG）",_xlfn.XLOOKUP(X11*Y11/$N$3,基础数据!$O$106:$O$110,基础数据!$K$106:$K$110,"建议桥架敷设",1,1)) -> -
B12: =长飞!A5 -> 6芯室内光缆 | C12: =长飞!B5 -> 5.1 | D12: =(C12/2)^2*PI() -> 20.428206 | F12: =_xlfn.IFS(E12=0,"-",$R$2="低压流体输送用焊接钢管（SC）",_xlfn.XLOOKUP(D12*E12/$N$3,基础数据!$O$4:$O$15,基础数据!$K$4:$K$15,"建议桥架敷设",1,1),$R$2="套接紧定式钢管（JDG）",_xlfn.XLOOKUP(D12*E12/$N$3,基础数据!$O$16:$O$21,基础数据!$K$16:$K$21,"建议桥架敷设",1,1),$R$2="聚氯乙烯硬质电线管（PC）",_xlfn.XLOOKUP(D12*E12/$N$3,基础数据!$O$22:$O$27,基础数据!$K$22:$K$27,"建议桥架敷设",1,1),$R$2="聚氯乙烯半硬质电线管（FPC）",_xlfn.XLOOKUP(D12*E12/$N$3,基础数据!$O$28:$O$33,基础数据!$K$28:$K$33,"建议桥架敷设",1,1),$R$2="聚氯乙烯（PVC-U）",_xlfn.XLOOKUP(D12*E12/$N$3,基础数据!$O$37:$O$46,基础数据!$K$37:$K$46,"建议桥架敷设",1,1),$R$2="聚乙烯（PE）",_xlfn.XLOOKUP(D12*E12/$N$3,基础数据!$O$51:$O$62,基础数据!$K$51:$K$62,"建议桥架敷设",1,1),$R$2="双壁波纹管",_xlfn.XLOOKUP(D12*E12/$N$3,基础数据!$O$67:$O$72,基础数据!$K$67:$K$72,"建议桥架敷设",1,1),$R$2="套接扣压式薄壁钢导管（KBG）",_xlfn.XLOOKUP(D12*E12/$N$3,基础数据!$O$106:$O$110,基础数据!$K$106:$K$110,"建议桥架敷设",1,1)) -> - | G12: =天诚!B8 -> UTP-CAT.6 | H12: =天诚!C8 -> 6 | I12: =(H12/2)^2*PI() -> 28.274334 | K12: =_xlfn.IFS(J12=0,"-",$R$2="低压流体输送用焊接钢管（SC）",_xlfn.XLOOKUP(I12*J12/$N$3,基础数据!$O$4:$O$15,基础数据!$K$4:$K$15,"建议桥架敷设",1,1),$R$2="套接紧定式钢管（JDG）",_xlfn.XLOOKUP(I12*J12/$N$3,基础数据!$O$16:$O$21,基础数据!$K$16:$K$21,"建议桥架敷设",1,1),$R$2="聚氯乙烯硬质电线管（PC）",_xlfn.XLOOKUP(I12*J12/$N$3,基础数据!$O$22:$O$27,基础数据!$K$22:$K$27,"建议桥架敷设",1,1),$R$2="聚氯乙烯半硬质电线管（FPC）",_xlfn.XLOOKUP(I12*J12/$N$3,基础数据!$O$28:$O$33,基础数据!$K$28:$K$33,"建议桥架敷设",1,1),$R$2="聚氯乙烯（PVC-U）",_xlfn.XLOOKUP(I12*J12/$N$3,基础数据!$O$37:$O$46,基础数据!$K$37:$K$46,"建议桥架敷设",1,1),$R$2="聚乙烯（PE）",_xlfn.XLOOKUP(I12*J12/$N$3,基础数据!$O$51:$O$62,基础数据!$K$51:$K$62,"建议桥架敷设",1,1),$R$2="双壁波纹管",_xlfn.XLOOKUP(I12*J12/$N$3,基础数据!$O$67:$O$72,基础数据!$K$67:$K$72,"建议桥架敷设",1,1),$R$2="套接扣压式薄壁钢导管（KBG）",_xlfn.XLOOKUP(I12*J12/$N$3,基础数据!$O$106:$O$110,基础数据!$K$106:$K$110,"建议桥架敷设",1,1)) -> - | L12: =飞鹤!A21 -> RVV-2*1.5 | M12: =飞鹤!B21 -> 8.6 | N12: =(M12/2)^2*PI() -> 58.088048 | P12: =_xlfn.IFS(O12=0,"-",$R$2="低压流体输送用焊接钢管（SC）",_xlfn.XLOOKUP(N12*O12/$N$3,基础数据!$O$4:$O$15,基础数据!$K$4:$K$15,"建议桥架敷设",1,1),$R$2="套接紧定式钢管（JDG）",_xlfn.XLOOKUP(N12*O12/$N$3,基础数据!$O$16:$O$21,基础数据!$K$16:$K$21,"建议桥架敷设",1,1),$R$2="聚氯乙烯硬质电线管（PC）",_xlfn.XLOOKUP(N12*O12/$N$3,基础数据!$O$22:$O$27,基础数据!$K$22:$K$27,"建议桥架敷设",1,1),$R$2="聚氯乙烯半硬质电线管（FPC）",_xlfn.XLOOKUP(N12*O12/$N$3,基础数据!$O$28:$O$33,基础数据!$K$28:$K$33,"建议桥架敷设",1,1),$R$2="聚氯乙烯（PVC-U）",_xlfn.XLOOKUP(N12*O12/$N$3,基础数据!$O$37:$O$46,基础数据!$K$37:$K$46,"建议桥架敷设",1,1),$R$2="聚乙烯（PE）",_xlfn.XLOOKUP(N12*O12/$N$3,基础数据!$O$51:$O$62,基础数据!$K$51:$K$62,"建议桥架敷设",1,1),$R$2="双壁波纹管",_xlfn.XLOOKUP(N12*O12/$N$3,基础数据!$O$67:$O$72,基础数据!$K$67:$K$72,"建议桥架敷设",1,1),$R$2="套接扣压式薄壁钢导管（KBG）",_xlfn.XLOOKUP(N12*O12/$N$3,基础数据!$O$106:$O$110,基础数据!$K$106:$K$110,"建议桥架敷设",1,1)) -> - | Q12: =飞鹤!A89 -> RVVP-2*1.5 | R12: =飞鹤!B89 -> 9.2 | S12: =(R12/2)^2*PI() -> 66.476101 | U12: =_xlfn.IFS(T12=0,"-",$R$2="低压流体输送用焊接钢管（SC）",_xlfn.XLOOKUP(S12*T12/$N$3,基础数据!$O$4:$O$15,基础数据!$K$4:$K$15,"建议桥架敷设",1,1),$R$2="套接紧定式钢管（JDG）",_xlfn.XLOOKUP(S12*T12/$N$3,基础数据!$O$16:$O$21,基础数据!$K$16:$K$21,"建议桥架敷设",1,1),$R$2="聚氯乙烯硬质电线管（PC）",_xlfn.XLOOKUP(S12*T12/$N$3,基础数据!$O$22:$O$27,基础数据!$K$22:$K$27,"建议桥架敷设",1,1),$R$2="聚氯乙烯半硬质电线管（FPC）",_xlfn.XLOOKUP(S12*T12/$N$3,基础数据!$O$28:$O$33,基础数据!$K$28:$K$33,"建议桥架敷设",1,1),$R$2="聚氯乙烯（PVC-U）",_xlfn.XLOOKUP(S12*T12/$N$3,基础数据!$O$37:$O$46,基础数据!$K$37:$K$46,"建议桥架敷设",1,1),$R$2="聚乙烯（PE）",_xlfn.XLOOKUP(S12*T12/$N$3,基础数据!$O$51:$O$62,基础数据!$K$51:$K$62,"建议桥架敷设",1,1),$R$2="双壁波纹管",_xlfn.XLOOKUP(S12*T12/$N$3,基础数据!$O$67:$O$72,基础数据!$K$67:$K$72,"建议桥架敷设",1,1),$R$2="套接扣压式薄壁钢导管（KBG）",_xlfn.XLOOKUP(S12*T12/$N$3,基础数据!$O$106:$O$110,基础数据!$K$106:$K$110,"建议桥架敷设",1,1)) -> - | V12: =天诚!B68 -> HTP-2*48/0.10 | W12: =天诚!C68 -> 6 | X12: =(W12/2)^2*PI() -> 28.274334 | Z12: =_xlfn.IFS(Y12=0,"-",$R$2="低压流体输送用焊接钢管（SC）",_xlfn.XLOOKUP(X12*Y12/$N$3,基础数据!$O$4:$O$15,基础数据!$K$4:$K$15,"建议桥架敷设",1,1),$R$2="套接紧定式钢管（JDG）",_xlfn.XLOOKUP(X12*Y12/$N$3,基础数据!$O$16:$O$21,基础数据!$K$16:$K$21,"建议桥架敷设",1,1),$R$2="聚氯乙烯硬质电线管（PC）",_xlfn.XLOOKUP(X12*Y12/$N$3,基础数据!$O$22:$O$27,基础数据!$K$22:$K$27,"建议桥架敷设",1,1),$R$2="聚氯乙烯半硬质电线管（FPC）",_xlfn.XLOOKUP(X12*Y12/$N$3,基础数据!$O$28:$O$33,基础数据!$K$28:$K$33,"建议桥架敷设",1,1),$R$2="聚氯乙烯（PVC-U）",_xlfn.XLOOKUP(X12*Y12/$N$3,基础数据!$O$37:$O$46,基础数据!$K$37:$K$46,"建议桥架敷设",1,1),$R$2="聚乙烯（PE）",_xlfn.XLOOKUP(X12*Y12/$N$3,基础数据!$O$51:$O$62,基础数据!$K$51:$K$62,"建议桥架敷设",1,1),$R$2="双壁波纹管",_xlfn.XLOOKUP(X12*Y12/$N$3,基础数据!$O$67:$O$72,基础数据!$K$67:$K$72,"建议桥架敷设",1,1),$R$2="套接扣压式薄壁钢导管（KBG）",_xlfn.XLOOKUP(X12*Y12/$N$3,基础数据!$O$106:$O$110,基础数据!$K$106:$K$110,"建议桥架敷设",1,1)) -> -
B13: =长飞!A6 -> 8芯室内光缆 | C13: =长飞!B6 -> 5.6 | D13: =(C13/2)^2*PI() -> 24.630086 | F13: =_xlfn.IFS(E13=0,"-",$R$2="低压流体输送用焊接钢管（SC）",_xlfn.XLOOKUP(D13*E13/$N$3,基础数据!$O$4:$O$15,基础数据!$K$4:$K$15,"建议桥架敷设",1,1),$R$2="套接紧定式钢管（JDG）",_xlfn.XLOOKUP(D13*E13/$N$3,基础数据!$O$16:$O$21,基础数据!$K$16:$K$21,"建议桥架敷设",1,1),$R$2="聚氯乙烯硬质电线管（PC）",_xlfn.XLOOKUP(D13*E13/$N$3,基础数据!$O$22:$O$27,基础数据!$K$22:$K$27,"建议桥架敷设",1,1),$R$2="聚氯乙烯半硬质电线管（FPC）",_xlfn.XLOOKUP(D13*E13/$N$3,基础数据!$O$28:$O$33,基础数据!$K$28:$K$33,"建议桥架敷设",1,1),$R$2="聚氯乙烯（PVC-U）",_xlfn.XLOOKUP(D13*E13/$N$3,基础数据!$O$37:$O$46,基础数据!$K$37:$K$46,"建议桥架敷设",1,1),$R$2="聚乙烯（PE）",_xlfn.XLOOKUP(D13*E13/$N$3,基础数据!$O$51:$O$62,基础数据!$K$51:$K$62,"建议桥架敷设",1,1),$R$2="双壁波纹管",_xlfn.XLOOKUP(D13*E13/$N$3,基础数据!$O$67:$O$72,基础数据!$K$67:$K$72,"建议桥架敷设",1,1),$R$2="套接扣压式薄壁钢导管（KBG）",_xlfn.XLOOKUP(D13*E13/$N$3,基础数据!$O$106:$O$110,基础数据!$K$106:$K$110,"建议桥架敷设",1,1)) -> - | G13: =天诚!B12 -> FTP-CAT.6 | H13: =天诚!C12 -> 7.6 | I13: =(H13/2)^2*PI() -> 45.364598 | K13: =_xlfn.IFS(J13=0,"-",$R$2="低压流体输送用焊接钢管（SC）",_xlfn.XLOOKUP(I13*J13/$N$3,基础数据!$O$4:$O$15,基础数据!$K$4:$K$15,"建议桥架敷设",1,1),$R$2="套接紧定式钢管（JDG）",_xlfn.XLOOKUP(I13*J13/$N$3,基础数据!$O$16:$O$21,基础数据!$K$16:$K$21,"建议桥架敷设",1,1),$R$2="聚氯乙烯硬质电线管（PC）",_xlfn.XLOOKUP(I13*J13/$N$3,基础数据!$O$22:$O$27,基础数据!$K$22:$K$27,"建议桥架敷设",1,1),$R$2="聚氯乙烯半硬质电线管（FPC）",_xlfn.XLOOKUP(I13*J13/$N$3,基础数据!$O$28:$O$33,基础数据!$K$28:$K$33,"建议桥架敷设",1,1),$R$2="聚氯乙烯（PVC-U）",_xlfn.XLOOKUP(I13*J13/$N$3,基础数据!$O$37:$O$46,基础数据!$K$37:$K$46,"建议桥架敷设",1,1),$R$2="聚乙烯（PE）",_xlfn.XLOOKUP(I13*J13/$N$3,基础数据!$O$51:$O$62,基础数据!$K$51:$K$62,"建议桥架敷设",1,1),$R$2="双壁波纹管",_xlfn.XLOOKUP(I13*J13/$N$3,基础数据!$O$67:$O$72,基础数据!$K$67:$K$72,"建议桥架敷设",1,1),$R$2="套接扣压式薄壁钢导管（KBG）",_xlfn.XLOOKUP(I13*J13/$N$3,基础数据!$O$106:$O$110,基础数据!$K$106:$K$110,"建议桥架敷设",1,1)) -> - | L13: =飞鹤!A22 -> RVV-2*2.5 | M13: =飞鹤!B22 -> 10.6 | N13: =(M13/2)^2*PI() -> 88.247338 | P13: =_xlfn.IFS(O13=0,"-",$R$2="低压流体输送用焊接钢管（SC）",_xlfn.XLOOKUP(N13*O13/$N$3,基础数据!$O$4:$O$15,基础数据!$K$4:$K$15,"建议桥架敷设",1,1),$R$2="套接紧定式钢管（JDG）",_xlfn.XLOOKUP(N13*O13/$N$3,基础数据!$O$16:$O$21,基础数据!$K$16:$K$21,"建议桥架敷设",1,1),$R$2="聚氯乙烯硬质电线管（PC）",_xlfn.XLOOKUP(N13*O13/$N$3,基础数据!$O$22:$O$27,基础数据!$K$22:$K$27,"建议桥架敷设",1,1),$R$2="聚氯乙烯半硬质电线管（FPC）",_xlfn.XLOOKUP(N13*O13/$N$3,基础数据!$O$28:$O$33,基础数据!$K$28:$K$33,"建议桥架敷设",1,1),$R$2="聚氯乙烯（PVC-U）",_xlfn.XLOOKUP(N13*O13/$N$3,基础数据!$O$37:$O$46,基础数据!$K$37:$K$46,"建议桥架敷设",1,1),$R$2="聚乙烯（PE）",_xlfn.XLOOKUP(N13*O13/$N$3,基础数据!$O$51:$O$62,基础数据!$K$51:$K$62,"建议桥架敷设",1,1),$R$2="双壁波纹管",_xlfn.XLOOKUP(N13*O13/$N$3,基础数据!$O$67:$O$72,基础数据!$K$67:$K$72,"建议桥架敷设",1,1),$R$2="套接扣压式薄壁钢导管（KBG）",_xlfn.XLOOKUP(N13*O13/$N$3,基础数据!$O$106:$O$110,基础数据!$K$106:$K$110,"建议桥架敷设",1,1)) -> - | Q13: =飞鹤!A90 -> RVVP-2*2.5 | R13: =飞鹤!B90 -> 11.7 | S13: =(R13/2)^2*PI() -> 107.51315 | U13: =_xlfn.IFS(T13=0,"-",$R$2="低压流体输送用焊接钢管（SC）",_xlfn.XLOOKUP(S13*T13/$N$3,基础数据!$O$4:$O$15,基础数据!$K$4:$K$15,"建议桥架敷设",1,1),$R$2="套接紧定式钢管（JDG）",_xlfn.XLOOKUP(S13*T13/$N$3,基础数据!$O$16:$O$21,基础数据!$K$16:$K$21,"建议桥架敷设",1,1),$R$2="聚氯乙烯硬质电线管（PC）",_xlfn.XLOOKUP(S13*T13/$N$3,基础数据!$O$22:$O$27,基础数据!$K$22:$K$27,"建议桥架敷设",1,1),$R$2="聚氯乙烯半硬质电线管（FPC）",_xlfn.XLOOKUP(S13*T13/$N$3,基础数据!$O$28:$O$33,基础数据!$K$28:$K$33,"建议桥架敷设",1,1),$R$2="聚氯乙烯（PVC-U）",_xlfn.XLOOKUP(S13*T13/$N$3,基础数据!$O$37:$O$46,基础数据!$K$37:$K$46,"建议桥架敷设",1,1),$R$2="聚乙烯（PE）",_xlfn.XLOOKUP(S13*T13/$N$3,基础数据!$O$51:$O$62,基础数据!$K$51:$K$62,"建议桥架敷设",1,1),$R$2="双壁波纹管",_xlfn.XLOOKUP(S13*T13/$N$3,基础数据!$O$67:$O$72,基础数据!$K$67:$K$72,"建议桥架敷设",1,1),$R$2="套接扣压式薄壁钢导管（KBG）",_xlfn.XLOOKUP(S13*T13/$N$3,基础数据!$O$106:$O$110,基础数据!$K$106:$K$110,"建议桥架敷设",1,1)) -> - | V13: =天诚!B69 -> HTP-3*20/0.10 | W13: =天诚!C69 -> 6.15 | X13: =(W13/2)^2*PI() -> 29.705722 | Z13: =_xlfn.IFS(Y13=0,"-",$R$2="低压流体输送用焊接钢管（SC）",_xlfn.XLOOKUP(X13*Y13/$N$3,基础数据!$O$4:$O$15,基础数据!$K$4:$K$15,"建议桥架敷设",1,1),$R$2="套接紧定式钢管（JDG）",_xlfn.XLOOKUP(X13*Y13/$N$3,基础数据!$O$16:$O$21,基础数据!$K$16:$K$21,"建议桥架敷设",1,1),$R$2="聚氯乙烯硬质电线管（PC）",_xlfn.XLOOKUP(X13*Y13/$N$3,基础数据!$O$22:$O$27,基础数据!$K$22:$K$27,"建议桥架敷设",1,1),$R$2="聚氯乙烯半硬质电线管（FPC）",_xlfn.XLOOKUP(X13*Y13/$N$3,基础数据!$O$28:$O$33,基础数据!$K$28:$K$33,"建议桥架敷设",1,1),$R$2="聚氯乙烯（PVC-U）",_xlfn.XLOOKUP(X13*Y13/$N$3,基础数据!$O$37:$O$46,基础数据!$K$37:$K$46,"建议桥架敷设",1,1),$R$2="聚乙烯（PE）",_xlfn.XLOOKUP(X13*Y13/$N$3,基础数据!$O$51:$O$62,基础数据!$K$51:$K$62,"建议桥架敷设",1,1),$R$2="双壁波纹管",_xlfn.XLOOKUP(X13*Y13/$N$3,基础数据!$O$67:$O$72,基础数据!$K$67:$K$72,"建议桥架敷设",1,1),$R$2="套接扣压式薄壁钢导管（KBG）",_xlfn.XLOOKUP(X13*Y13/$N$3,基础数据!$O$106:$O$110,基础数据!$K$106:$K$110,"建议桥架敷设",1,1)) -> -
B14: =长飞!A7 -> 12芯室内光缆 | C14: =长飞!B7 -> 6.2 | D14: =(C14/2)^2*PI() -> 30.190705 | F14: =_xlfn.IFS(E14=0,"-",E14=1,_xlfn.IFS($R$2="低压流体输送用焊接钢管（SC）",_xlfn.XLOOKUP(C14/$N$2,基础数据!$N$4:$N$15,基础数据!$K$4:$K$15,"建议桥架敷设",1,1),$R$2="套接紧定式钢管（JDG）",_xlfn.XLOOKUP(C14/$N$2,基础数据!$N$16:$N$21,基础数据!$K$16:$K$21,"建议桥架敷设",1,1),$R$2="聚氯乙烯硬质电线管（PC）",_xlfn.XLOOKUP(C14/$N$2,基础数据!$N$22:$N$27,基础数据!$K$22:$K$27,"建议桥架敷设",1,1),$R$2="聚氯乙烯半硬质电线管（FPC）",_xlfn.XLOOKUP(C14/$N$2,基础数据!$N$28:$N$33,基础数据!$K$28:$K$33,"建议桥架敷设",1,1),$R$2="聚氯乙烯（PVC-U）",_xlfn.XLOOKUP(C14/$N$2,基础数据!$N$37:$N$46,基础数据!$K$37:$K$46,"建议桥架敷设",1,1),$R$2="聚乙烯（PE）",_xlfn.XLOOKUP(C14/$N$2,基础数据!$N$51:$N$62,基础数据!$K$51:$K$62,"建议桥架敷设",1,1),$R$2="双壁波纹管",_xlfn.XLOOKUP(C14/$N$2,基础数据!$N$67:$N$72,基础数据!$K$67:$K$72,"建议桥架敷设",1,1),$R$2="套接扣压式薄壁钢导管（KBG）",_xlfn.XLOOKUP(C14/$N$2,基础数据!$N$106:$N$110,基础数据!$K$106:$K$110,"建议桥架敷设",1,1)),$R$2="低压流体输送用焊接钢管（SC）",_xlfn.XLOOKUP(D14*E14/$N$3,基础数据!$O$4:$O$15,基础数据!$K$4:$K$15,"建议桥架敷设",1,1),$R$2="套接紧定式钢管（JDG）",_xlfn.XLOOKUP(D14*E14/$N$3,基础数据!$O$16:$O$21,基础数据!$K$16:$K$21,"建议桥架敷设",1,1),$R$2="聚氯乙烯硬质电线管（PC）",_xlfn.XLOOKUP(D14*E14/$N$3,基础数据!$O$22:$O$27,基础数据!$K$22:$K$27,"建议桥架敷设",1,1),$R$2="聚氯乙烯半硬质电线管（FPC）",_xlfn.XLOOKUP(D14*E14/$N$3,基础数据!$O$28:$O$33,基础数据!$K$28:$K$33,"建议桥架敷设",1,1),$R$2="聚氯乙烯（PVC-U）",_xlfn.XLOOKUP(D14*E14/$N$3,基础数据!$O$37:$O$46,基础数据!$K$37:$K$46,"建议桥架敷设",1,1),$R$2="聚乙烯（PE）",_xlfn.XLOOKUP(D14*E14/$N$3,基础数据!$O$51:$O$62,基础数据!$K$51:$K$62,"建议桥架敷设",1,1),$R$2="双壁波纹管",_xlfn.XLOOKUP(D14*E14/$N$3,基础数据!$O$67:$O$72,基础数据!$K$67:$K$72,"建议桥架敷设",1,1),$R$2="套接扣压式薄壁钢导管（KBG）",_xlfn.XLOOKUP(D14*E14/$N$3,基础数据!$O$106:$O$110,基础数据!$K$106:$K$110,"建议桥架敷设",1,1)) -> - | G14: =天诚!B15 -> U/FTP-CAT.6 | H14: =天诚!C15 -> 8 | I14: =(H14/2)^2*PI() -> 50.265482 | K14: =_xlfn.IFS(J14=0,"-",$R$2="低压流体输送用焊接钢管（SC）",_xlfn.XLOOKUP(I14*J14/$N$3,基础数据!$O$4:$O$15,基础数据!$K$4:$K$15,"建议桥架敷设",1,1),$R$2="套接紧定式钢管（JDG）",_xlfn.XLOOKUP(I14*J14/$N$3,基础数据!$O$16:$O$21,基础数据!$K$16:$K$21,"建议桥架敷设",1,1),$R$2="聚氯乙烯硬质电线管（PC）",_xlfn.XLOOKUP(I14*J14/$N$3,基础数据!$O$22:$O$27,基础数据!$K$22:$K$27,"建议桥架敷设",1,1),$R$2="聚氯乙烯半硬质电线管（FPC）",_xlfn.XLOOKUP(I14*J14/$N$3,基础数据!$O$28:$O$33,基础数据!$K$28:$K$33,"建议桥架敷设",1,1),$R$2="聚氯乙烯（PVC-U）",_xlfn.XLOOKUP(I14*J14/$N$3,基础数据!$O$37:$O$46,基础数据!$K$37:$K$46,"建议桥架敷设",1,1),$R$2="聚乙烯（PE）",_xlfn.XLOOKUP(I14*J14/$N$3,基础数据!$O$51:$O$62,基础数据!$K$51:$K$62,"建议桥架敷设",1,1),$R$2="双壁波纹管",_xlfn.XLOOKUP(I14*J14/$N$3,基础数据!$O$67:$O$72,基础数据!$K$67:$K$72,"建议桥架敷设",1,1),$R$2="套接扣压式薄壁钢导管（KBG）",_xlfn.XLOOKUP(I14*J14/$N$3,基础数据!$O$106:$O$110,基础数据!$K$106:$K$110,"建议桥架敷设",1,1)) -> - | N14: =(M14/2)^2*PI() -> 0 | P14: =_xlfn.IFS(O14=0,"-",$R$2="低压流体输送用焊接钢管（SC）",_xlfn.XLOOKUP(N14*O14/$N$3,基础数据!$O$4:$O$15,基础数据!$K$4:$K$15,"建议桥架敷设",1,1),$R$2="套接紧定式钢管（JDG）",_xlfn.XLOOKUP(N14*O14/$N$3,基础数据!$O$16:$O$21,基础数据!$K$16:$K$21,"建议桥架敷设",1,1),$R$2="聚氯乙烯硬质电线管（PC）",_xlfn.XLOOKUP(N14*O14/$N$3,基础数据!$O$22:$O$27,基础数据!$K$22:$K$27,"建议桥架敷设",1,1),$R$2="聚氯乙烯半硬质电线管（FPC）",_xlfn.XLOOKUP(N14*O14/$N$3,基础数据!$O$28:$O$33,基础数据!$K$28:$K$33,"建议桥架敷设",1,1),$R$2="聚氯乙烯（PVC-U）",_xlfn.XLOOKUP(N14*O14/$N$3,基础数据!$O$37:$O$46,基础数据!$K$37:$K$46,"建议桥架敷设",1,1),$R$2="聚乙烯（PE）",_xlfn.XLOOKUP(N14*O14/$N$3,基础数据!$O$51:$O$62,基础数据!$K$51:$K$62,"建议桥架敷设",1,1),$R$2="双壁波纹管",_xlfn.XLOOKUP(N14*O14/$N$3,基础数据!$O$67:$O$72,基础数据!$K$67:$K$72,"建议桥架敷设",1,1),$R$2="套接扣压式薄壁钢导管（KBG）",_xlfn.XLOOKUP(N14*O14/$N$3,基础数据!$O$106:$O$110,基础数据!$K$106:$K$110,"建议桥架敷设",1,1)) -> - | Q14: =飞鹤!A102 -> RVVP-4*0.5 | R14: =飞鹤!B102 -> 8.9 | S14: =(R14/2)^2*PI() -> 62.211389 | U14: =_xlfn.IFS(T14=0,"-",$R$2="低压流体输送用焊接钢管（SC）",_xlfn.XLOOKUP(S14*T14/$N$3,基础数据!$O$4:$O$15,基础数据!$K$4:$K$15,"建议桥架敷设",1,1),$R$2="套接紧定式钢管（JDG）",_xlfn.XLOOKUP(S14*T14/$N$3,基础数据!$O$16:$O$21,基础数据!$K$16:$K$21,"建议桥架敷设",1,1),$R$2="聚氯乙烯硬质电线管（PC）",_xlfn.XLOOKUP(S14*T14/$N$3,基础数据!$O$22:$O$27,基础数据!$K$22:$K$27,"建议桥架敷设",1,1),$R$2="聚氯乙烯半硬质电线管（FPC）",_xlfn.XLOOKUP(S14*T14/$N$3,基础数据!$O$28:$O$33,基础数据!$K$28:$K$33,"建议桥架敷设",1,1),$R$2="聚氯乙烯（PVC-U）",_xlfn.XLOOKUP(S14*T14/$N$3,基础数据!$O$37:$O$46,基础数据!$K$37:$K$46,"建议桥架敷设",1,1),$R$2="聚乙烯（PE）",_xlfn.XLOOKUP(S14*T14/$N$3,基础数据!$O$51:$O$62,基础数据!$K$51:$K$62,"建议桥架敷设",1,1),$R$2="双壁波纹管",_xlfn.XLOOKUP(S14*T14/$N$3,基础数据!$O$67:$O$72,基础数据!$K$67:$K$72,"建议桥架敷设",1,1),$R$2="套接扣压式薄壁钢导管（KBG）",_xlfn.XLOOKUP(S14*T14/$N$3,基础数据!$O$106:$O$110,基础数据!$K$106:$K$110,"建议桥架敷设",1,1)) -> - | V14: =天诚!B70 -> HTP-3*27/0.10 | W14: =天诚!C70 -> 6.05 | X14: =(W14/2)^2*PI() -> 28.747536 | Z14: =_xlfn.IFS(Y14=0,"-",$R$2="低压流体输送用焊接钢管（SC）",_xlfn.XLOOKUP(X14*Y14/$N$3,基础数据!$O$4:$O$15,基础数据!$K$4:$K$15,"建议桥架敷设",1,1),$R$2="套接紧定式钢管（JDG）",_xlfn.XLOOKUP(X14*Y14/$N$3,基础数据!$O$16:$O$21,基础数据!$K$16:$K$21,"建议桥架敷设",1,1),$R$2="聚氯乙烯硬质电线管（PC）",_xlfn.XLOOKUP(X14*Y14/$N$3,基础数据!$O$22:$O$27,基础数据!$K$22:$K$27,"建议桥架敷设",1,1),$R$2="聚氯乙烯半硬质电线管（FPC）",_xlfn.XLOOKUP(X14*Y14/$N$3,基础数据!$O$28:$O$33,基础数据!$K$28:$K$33,"建议桥架敷设",1,1),$R$2="聚氯乙烯（PVC-U）",_xlfn.XLOOKUP(X14*Y14/$N$3,基础数据!$O$37:$O$46,基础数据!$K$37:$K$46,"建议桥架敷设",1,1),$R$2="聚乙烯（PE）",_xlfn.XLOOKUP(X14*Y14/$N$3,基础数据!$O$51:$O$62,基础数据!$K$51:$K$62,"建议桥架敷设",1,1),$R$2="双壁波纹管",_xlfn.XLOOKUP(X14*Y14/$N$3,基础数据!$O$67:$O$72,基础数据!$K$67:$K$72,"建议桥架敷设",1,1),$R$2="套接扣压式薄壁钢导管（KBG）",_xlfn.XLOOKUP(X14*Y14/$N$3,基础数据!$O$106:$O$110,基础数据!$K$106:$K$110,"建议桥架敷设",1,1)) -> -
B15: =长飞!A8 -> 24芯室内光缆 | C15: =长飞!B8 -> 8.1 | D15: =(C15/2)^2*PI() -> 51.529974 | F15: =_xlfn.IFS(E15=0,"-",E15=1,_xlfn.IFS($R$2="低压流体输送用焊接钢管（SC）",_xlfn.XLOOKUP(C15/$N$2,基础数据!$N$4:$N$15,基础数据!$K$4:$K$15,"建议桥架敷设",1,1),$R$2="套接紧定式钢管（JDG）",_xlfn.XLOOKUP(C15/$N$2,基础数据!$N$16:$N$21,基础数据!$K$16:$K$21,"建议桥架敷设",1,1),$R$2="聚氯乙烯硬质电线管（PC）",_xlfn.XLOOKUP(C15/$N$2,基础数据!$N$22:$N$27,基础数据!$K$22:$K$27,"建议桥架敷设",1,1),$R$2="聚氯乙烯半硬质电线管（FPC）",_xlfn.XLOOKUP(C15/$N$2,基础数据!$N$28:$N$33,基础数据!$K$28:$K$33,"建议桥架敷设",1,1),$R$2="聚氯乙烯（PVC-U）",_xlfn.XLOOKUP(C15/$N$2,基础数据!$N$37:$N$46,基础数据!$K$37:$K$46,"建议桥架敷设",1,1),$R$2="聚乙烯（PE）",_xlfn.XLOOKUP(C15/$N$2,基础数据!$N$51:$N$62,基础数据!$K$51:$K$62,"建议桥架敷设",1,1),$R$2="双壁波纹管",_xlfn.XLOOKUP(C15/$N$2,基础数据!$N$67:$N$72,基础数据!$K$67:$K$72,"建议桥架敷设",1,1),$R$2="套接扣压式薄壁钢导管（KBG）",_xlfn.XLOOKUP(C15/$N$2,基础数据!$N$106:$N$110,基础数据!$K$106:$K$110,"建议桥架敷设",1,1)),$R$2="低压流体输送用焊接钢管（SC）",_xlfn.XLOOKUP(D15*E15/$N$3,基础数据!$O$4:$O$15,基础数据!$K$4:$K$15,"建议桥架敷设",1,1),$R$2="套接紧定式钢管（JDG）",_xlfn.XLOOKUP(D15*E15/$N$3,基础数据!$O$16:$O$21,基础数据!$K$16:$K$21,"建议桥架敷设",1,1),$R$2="聚氯乙烯硬质电线管（PC）",_xlfn.XLOOKUP(D15*E15/$N$3,基础数据!$O$22:$O$27,基础数据!$K$22:$K$27,"建议桥架敷设",1,1),$R$2="聚氯乙烯半硬质电线管（FPC）",_xlfn.XLOOKUP(D15*E15/$N$3,基础数据!$O$28:$O$33,基础数据!$K$28:$K$33,"建议桥架敷设",1,1),$R$2="聚氯乙烯（PVC-U）",_xlfn.XLOOKUP(D15*E15/$N$3,基础数据!$O$37:$O$46,基础数据!$K$37:$K$46,"建议桥架敷设",1,1),$R$2="聚乙烯（PE）",_xlfn.XLOOKUP(D15*E15/$N$3,基础数据!$O$51:$O$62,基础数据!$K$51:$K$62,"建议桥架敷设",1,1),$R$2="双壁波纹管",_xlfn.XLOOKUP(D15*E15/$N$3,基础数据!$O$67:$O$72,基础数据!$K$67:$K$72,"建议桥架敷设",1,1),$R$2="套接扣压式薄壁钢导管（KBG）",_xlfn.XLOOKUP(D15*E15/$N$3,基础数据!$O$106:$O$110,基础数据!$K$106:$K$110,"建议桥架敷设",1,1)) -> - | G15: =天诚!B16 -> SFTP-CAT.6 | H15: =天诚!C16 -> 8 | I15: =(H15/2)^2*PI() -> 50.265482 | K15: =_xlfn.IFS(J15=0,"-",$R$2="低压流体输送用焊接钢管（SC）",_xlfn.XLOOKUP(I15*J15/$N$3,基础数据!$O$4:$O$15,基础数据!$K$4:$K$15,"建议桥架敷设",1,1),$R$2="套接紧定式钢管（JDG）",_xlfn.XLOOKUP(I15*J15/$N$3,基础数据!$O$16:$O$21,基础数据!$K$16:$K$21,"建议桥架敷设",1,1),$R$2="聚氯乙烯硬质电线管（PC）",_xlfn.XLOOKUP(I15*J15/$N$3,基础数据!$O$22:$O$27,基础数据!$K$22:$K$27,"建议桥架敷设",1,1),$R$2="聚氯乙烯半硬质电线管（FPC）",_xlfn.XLOOKUP(I15*J15/$N$3,基础数据!$O$28:$O$33,基础数据!$K$28:$K$33,"建议桥架敷设",1,1),$R$2="聚氯乙烯（PVC-U）",_xlfn.XLOOKUP(I15*J15/$N$3,基础数据!$O$37:$O$46,基础数据!$K$37:$K$46,"建议桥架敷设",1,1),$R$2="聚乙烯（PE）",_xlfn.XLOOKUP(I15*J15/$N$3,基础数据!$O$51:$O$62,基础数据!$K$51:$K$62,"建议桥架敷设",1,1),$R$2="双壁波纹管",_xlfn.XLOOKUP(I15*J15/$N$3,基础数据!$O$67:$O$72,基础数据!$K$67:$K$72,"建议桥架敷设",1,1),$R$2="套接扣压式薄壁钢导管（KBG）",_xlfn.XLOOKUP(I15*J15/$N$3,基础数据!$O$106:$O$110,基础数据!$K$106:$K$110,"建议桥架敷设",1,1)) -> - | L15: =飞鹤!A26 -> RVV-4*0.75 | M15: =飞鹤!B26 -> 8.3 | N15: =(M15/2)^2*PI() -> 54.106079 | P15: =_xlfn.IFS(O15=0,"-",$R$2="低压流体输送用焊接钢管（SC）",_xlfn.XLOOKUP(N15*O15/$N$3,基础数据!$O$4:$O$15,基础数据!$K$4:$K$15,"建议桥架敷设",1,1),$R$2="套接紧定式钢管（JDG）",_xlfn.XLOOKUP(N15*O15/$N$3,基础数据!$O$16:$O$21,基础数据!$K$16:$K$21,"建议桥架敷设",1,1),$R$2="聚氯乙烯硬质电线管（PC）",_xlfn.XLOOKUP(N15*O15/$N$3,基础数据!$O$22:$O$27,基础数据!$K$22:$K$27,"建议桥架敷设",1,1),$R$2="聚氯乙烯半硬质电线管（FPC）",_xlfn.XLOOKUP(N15*O15/$N$3,基础数据!$O$28:$O$33,基础数据!$K$28:$K$33,"建议桥架敷设",1,1),$R$2="聚氯乙烯（PVC-U）",_xlfn.XLOOKUP(N15*O15/$N$3,基础数据!$O$37:$O$46,基础数据!$K$37:$K$46,"建议桥架敷设",1,1),$R$2="聚乙烯（PE）",_xlfn.XLOOKUP(N15*O15/$N$3,基础数据!$O$51:$O$62,基础数据!$K$51:$K$62,"建议桥架敷设",1,1),$R$2="双壁波纹管",_xlfn.XLOOKUP(N15*O15/$N$3,基础数据!$O$67:$O$72,基础数据!$K$67:$K$72,"建议桥架敷设",1,1),$R$2="套接扣压式薄壁钢导管（KBG）",_xlfn.XLOOKUP(N15*O15/$N$3,基础数据!$O$106:$O$110,基础数据!$K$106:$K$110,"建议桥架敷设",1,1)) -> - | Q15: =飞鹤!A103 -> RVVP-4*0.75 | R15: =飞鹤!B103 -> 9.3 | S15: =(R15/2)^2*PI() -> 67.929087 | U15: =_xlfn.IFS(T15=0,"-",$R$2="低压流体输送用焊接钢管（SC）",_xlfn.XLOOKUP(S15*T15/$N$3,基础数据!$O$4:$O$15,基础数据!$K$4:$K$15,"建议桥架敷设",1,1),$R$2="套接紧定式钢管（JDG）",_xlfn.XLOOKUP(S15*T15/$N$3,基础数据!$O$16:$O$21,基础数据!$K$16:$K$21,"建议桥架敷设",1,1),$R$2="聚氯乙烯硬质电线管（PC）",_xlfn.XLOOKUP(S15*T15/$N$3,基础数据!$O$22:$O$27,基础数据!$K$22:$K$27,"建议桥架敷设",1,1),$R$2="聚氯乙烯半硬质电线管（FPC）",_xlfn.XLOOKUP(S15*T15/$N$3,基础数据!$O$28:$O$33,基础数据!$K$28:$K$33,"建议桥架敷设",1,1),$R$2="聚氯乙烯（PVC-U）",_xlfn.XLOOKUP(S15*T15/$N$3,基础数据!$O$37:$O$46,基础数据!$K$37:$K$46,"建议桥架敷设",1,1),$R$2="聚乙烯（PE）",_xlfn.XLOOKUP(S15*T15/$N$3,基础数据!$O$51:$O$62,基础数据!$K$51:$K$62,"建议桥架敷设",1,1),$R$2="双壁波纹管",_xlfn.XLOOKUP(S15*T15/$N$3,基础数据!$O$67:$O$72,基础数据!$K$67:$K$72,"建议桥架敷设",1,1),$R$2="套接扣压式薄壁钢导管（KBG）",_xlfn.XLOOKUP(S15*T15/$N$3,基础数据!$O$106:$O$110,基础数据!$K$106:$K$110,"建议桥架敷设",1,1)) -> - | X15: =(W15/2)^2*PI() -> 0 | Z15: =_xlfn.IFS(Y15=0,"-",$R$2="低压流体输送用焊接钢管（SC）",_xlfn.XLOOKUP(X15*Y15/$N$3,基础数据!$O$4:$O$15,基础数据!$K$4:$K$15,"建议桥架敷设",1,1),$R$2="套接紧定式钢管（JDG）",_xlfn.XLOOKUP(X15*Y15/$N$3,基础数据!$O$16:$O$21,基础数据!$K$16:$K$21,"建议桥架敷设",1,1),$R$2="聚氯乙烯硬质电线管（PC）",_xlfn.XLOOKUP(X15*Y15/$N$3,基础数据!$O$22:$O$27,基础数据!$K$22:$K$27,"建议桥架敷设",1,1),$R$2="聚氯乙烯半硬质电线管（FPC）",_xlfn.XLOOKUP(X15*Y15/$N$3,基础数据!$O$28:$O$33,基础数据!$K$28:$K$33,"建议桥架敷设",1,1),$R$2="聚氯乙烯（PVC-U）",_xlfn.XLOOKUP(X15*Y15/$N$3,基础数据!$O$37:$O$46,基础数据!$K$37:$K$46,"建议桥架敷设",1,1),$R$2="聚乙烯（PE）",_xlfn.XLOOKUP(X15*Y15/$N$3,基础数据!$O$51:$O$62,基础数据!$K$51:$K$62,"建议桥架敷设",1,1),$R$2="双壁波纹管",_xlfn.XLOOKUP(X15*Y15/$N$3,基础数据!$O$67:$O$72,基础数据!$K$67:$K$72,"建议桥架敷设",1,1),$R$2="套接扣压式薄壁钢导管（KBG）",_xlfn.XLOOKUP(X15*Y15/$N$3,基础数据!$O$106:$O$110,基础数据!$K$106:$K$110,"建议桥架敷设",1,1)) -> -
B16: =长飞!A9 -> 36芯室内光缆 | C16: =长飞!B9 -> 14.5 | D16: =(C16/2)^2*PI() -> 165.12996 | F16: =_xlfn.IFS(E16=0,"-",E16=1,_xlfn.IFS($R$2="低压流体输送用焊接钢管（SC）",_xlfn.XLOOKUP(C16/$N$2,基础数据!$N$4:$N$15,基础数据!$K$4:$K$15,"建议桥架敷设",1,1),$R$2="套接紧定式钢管（JDG）",_xlfn.XLOOKUP(C16/$N$2,基础数据!$N$16:$N$21,基础数据!$K$16:$K$21,"建议桥架敷设",1,1),$R$2="聚氯乙烯硬质电线管（PC）",_xlfn.XLOOKUP(C16/$N$2,基础数据!$N$22:$N$27,基础数据!$K$22:$K$27,"建议桥架敷设",1,1),$R$2="聚氯乙烯半硬质电线管（FPC）",_xlfn.XLOOKUP(C16/$N$2,基础数据!$N$28:$N$33,基础数据!$K$28:$K$33,"建议桥架敷设",1,1),$R$2="聚氯乙烯（PVC-U）",_xlfn.XLOOKUP(C16/$N$2,基础数据!$N$37:$N$46,基础数据!$K$37:$K$46,"建议桥架敷设",1,1),$R$2="聚乙烯（PE）",_xlfn.XLOOKUP(C16/$N$2,基础数据!$N$51:$N$62,基础数据!$K$51:$K$62,"建议桥架敷设",1,1),$R$2="双壁波纹管",_xlfn.XLOOKUP(C16/$N$2,基础数据!$N$67:$N$72,基础数据!$K$67:$K$72,"建议桥架敷设",1,1),$R$2="套接扣压式薄壁钢导管（KBG）",_xlfn.XLOOKUP(C16/$N$2,基础数据!$N$106:$N$110,基础数据!$K$106:$K$110,"建议桥架敷设",1,1)),$R$2="低压流体输送用焊接钢管（SC）",_xlfn.XLOOKUP(D16*E16/$N$3,基础数据!$O$4:$O$15,基础数据!$K$4:$K$15,"建议桥架敷设",1,1),$R$2="套接紧定式钢管（JDG）",_xlfn.XLOOKUP(D16*E16/$N$3,基础数据!$O$16:$O$21,基础数据!$K$16:$K$21,"建议桥架敷设",1,1),$R$2="聚氯乙烯硬质电线管（PC）",_xlfn.XLOOKUP(D16*E16/$N$3,基础数据!$O$22:$O$27,基础数据!$K$22:$K$27,"建议桥架敷设",1,1),$R$2="聚氯乙烯半硬质电线管（FPC）",_xlfn.XLOOKUP(D16*E16/$N$3,基础数据!$O$28:$O$33,基础数据!$K$28:$K$33,"建议桥架敷设",1,1),$R$2="聚氯乙烯（PVC-U）",_xlfn.XLOOKUP(D16*E16/$N$3,基础数据!$O$37:$O$46,基础数据!$K$37:$K$46,"建议桥架敷设",1,1),$R$2="聚乙烯（PE）",_xlfn.XLOOKUP(D16*E16/$N$3,基础数据!$O$51:$O$62,基础数据!$K$51:$K$62,"建议桥架敷设",1,1),$R$2="双壁波纹管",_xlfn.XLOOKUP(D16*E16/$N$3,基础数据!$O$67:$O$72,基础数据!$K$67:$K$72,"建议桥架敷设",1,1),$R$2="套接扣压式薄壁钢导管（KBG）",_xlfn.XLOOKUP(D16*E16/$N$3,基础数据!$O$106:$O$110,基础数据!$K$106:$K$110,"建议桥架敷设",1,1)) -> - | G16: =天诚!B19 -> UTP-CAT.6A | H16: =天诚!C19 -> 8.4 | I16: =(H16/2)^2*PI() -> 55.417694 | K16: =_xlfn.IFS(J16=0,"-",$R$2="低压流体输送用焊接钢管（SC）",_xlfn.XLOOKUP(I16*J16/$N$3,基础数据!$O$4:$O$15,基础数据!$K$4:$K$15,"建议桥架敷设",1,1),$R$2="套接紧定式钢管（JDG）",_xlfn.XLOOKUP(I16*J16/$N$3,基础数据!$O$16:$O$21,基础数据!$K$16:$K$21,"建议桥架敷设",1,1),$R$2="聚氯乙烯硬质电线管（PC）",_xlfn.XLOOKUP(I16*J16/$N$3,基础数据!$O$22:$O$27,基础数据!$K$22:$K$27,"建议桥架敷设",1,1),$R$2="聚氯乙烯半硬质电线管（FPC）",_xlfn.XLOOKUP(I16*J16/$N$3,基础数据!$O$28:$O$33,基础数据!$K$28:$K$33,"建议桥架敷设",1,1),$R$2="聚氯乙烯（PVC-U）",_xlfn.XLOOKUP(I16*J16/$N$3,基础数据!$O$37:$O$46,基础数据!$K$37:$K$46,"建议桥架敷设",1,1),$R$2="聚乙烯（PE）",_xlfn.XLOOKUP(I16*J16/$N$3,基础数据!$O$51:$O$62,基础数据!$K$51:$K$62,"建议桥架敷设",1,1),$R$2="双壁波纹管",_xlfn.XLOOKUP(I16*J16/$N$3,基础数据!$O$67:$O$72,基础数据!$K$67:$K$72,"建议桥架敷设",1,1),$R$2="套接扣压式薄壁钢导管（KBG）",_xlfn.XLOOKUP(I16*J16/$N$3,基础数据!$O$106:$O$110,基础数据!$K$106:$K$110,"建议桥架敷设",1,1)) -> - | L16: =飞鹤!A27 -> RVV-4*1.0 | M16: =飞鹤!B27 -> 9 | N16: =(M16/2)^2*PI() -> 63.617251 | P16: =_xlfn.IFS(O16=0,"-",$R$2="低压流体输送用焊接钢管（SC）",_xlfn.XLOOKUP(N16*O16/$N$3,基础数据!$O$4:$O$15,基础数据!$K$4:$K$15,"建议桥架敷设",1,1),$R$2="套接紧定式钢管（JDG）",_xlfn.XLOOKUP(N16*O16/$N$3,基础数据!$O$16:$O$21,基础数据!$K$16:$K$21,"建议桥架敷设",1,1),$R$2="聚氯乙烯硬质电线管（PC）",_xlfn.XLOOKUP(N16*O16/$N$3,基础数据!$O$22:$O$27,基础数据!$K$22:$K$27,"建议桥架敷设",1,1),$R$2="聚氯乙烯半硬质电线管（FPC）",_xlfn.XLOOKUP(N16*O16/$N$3,基础数据!$O$28:$O$33,基础数据!$K$28:$K$33,"建议桥架敷设",1,1),$R$2="聚氯乙烯（PVC-U）",_xlfn.XLOOKUP(N16*O16/$N$3,基础数据!$O$37:$O$46,基础数据!$K$37:$K$46,"建议桥架敷设",1,1),$R$2="聚乙烯（PE）",_xlfn.XLOOKUP(N16*O16/$N$3,基础数据!$O$51:$O$62,基础数据!$K$51:$K$62,"建议桥架敷设",1,1),$R$2="双壁波纹管",_xlfn.XLOOKUP(N16*O16/$N$3,基础数据!$O$67:$O$72,基础数据!$K$67:$K$72,"建议桥架敷设",1,1),$R$2="套接扣压式薄壁钢导管（KBG）",_xlfn.XLOOKUP(N16*O16/$N$3,基础数据!$O$106:$O$110,基础数据!$K$106:$K$110,"建议桥架敷设",1,1)) -> - | Q16: =飞鹤!A104 -> RVVP-4*1.0 | R16: =飞鹤!B104 -> 10.5 | S16: =(R16/2)^2*PI() -> 86.590148 | U16: =_xlfn.IFS(T16=0,"-",$R$2="低压流体输送用焊接钢管（SC）",_xlfn.XLOOKUP(S16*T16/$N$3,基础数据!$O$4:$O$15,基础数据!$K$4:$K$15,"建议桥架敷设",1,1),$R$2="套接紧定式钢管（JDG）",_xlfn.XLOOKUP(S16*T16/$N$3,基础数据!$O$16:$O$21,基础数据!$K$16:$K$21,"建议桥架敷设",1,1),$R$2="聚氯乙烯硬质电线管（PC）",_xlfn.XLOOKUP(S16*T16/$N$3,基础数据!$O$22:$O$27,基础数据!$K$22:$K$27,"建议桥架敷设",1,1),$R$2="聚氯乙烯半硬质电线管（FPC）",_xlfn.XLOOKUP(S16*T16/$N$3,基础数据!$O$28:$O$33,基础数据!$K$28:$K$33,"建议桥架敷设",1,1),$R$2="聚氯乙烯（PVC-U）",_xlfn.XLOOKUP(S16*T16/$N$3,基础数据!$O$37:$O$46,基础数据!$K$37:$K$46,"建议桥架敷设",1,1),$R$2="聚乙烯（PE）",_xlfn.XLOOKUP(S16*T16/$N$3,基础数据!$O$51:$O$62,基础数据!$K$51:$K$62,"建议桥架敷设",1,1),$R$2="双壁波纹管",_xlfn.XLOOKUP(S16*T16/$N$3,基础数据!$O$67:$O$72,基础数据!$K$67:$K$72,"建议桥架敷设",1,1),$R$2="套接扣压式薄壁钢导管（KBG）",_xlfn.XLOOKUP(S16*T16/$N$3,基础数据!$O$106:$O$110,基础数据!$K$106:$K$110,"建议桥架敷设",1,1)) -> - | V16: 音响线 | W16: 外径 | X16: 截面积 | Y16: 根数 | Z16: 建议管径
B17: =长飞!A10 -> 48芯室内光缆 | C17: =长飞!B10 -> 14.8 | D17: =(C17/2)^2*PI() -> 172.03361 | F17: =_xlfn.IFS(E17=0,"-",E17=1,_xlfn.IFS($R$2="低压流体输送用焊接钢管（SC）",_xlfn.XLOOKUP(C17/$N$2,基础数据!$N$4:$N$15,基础数据!$K$4:$K$15,"建议桥架敷设",1,1),$R$2="套接紧定式钢管（JDG）",_xlfn.XLOOKUP(C17/$N$2,基础数据!$N$16:$N$21,基础数据!$K$16:$K$21,"建议桥架敷设",1,1),$R$2="聚氯乙烯硬质电线管（PC）",_xlfn.XLOOKUP(C17/$N$2,基础数据!$N$22:$N$27,基础数据!$K$22:$K$27,"建议桥架敷设",1,1),$R$2="聚氯乙烯半硬质电线管（FPC）",_xlfn.XLOOKUP(C17/$N$2,基础数据!$N$28:$N$33,基础数据!$K$28:$K$33,"建议桥架敷设",1,1),$R$2="聚氯乙烯（PVC-U）",_xlfn.XLOOKUP(C17/$N$2,基础数据!$N$37:$N$46,基础数据!$K$37:$K$46,"建议桥架敷设",1,1),$R$2="聚乙烯（PE）",_xlfn.XLOOKUP(C17/$N$2,基础数据!$N$51:$N$62,基础数据!$K$51:$K$62,"建议桥架敷设",1,1),$R$2="双壁波纹管",_xlfn.XLOOKUP(C17/$N$2,基础数据!$N$67:$N$72,基础数据!$K$67:$K$72,"建议桥架敷设",1,1),$R$2="套接扣压式薄壁钢导管（KBG）",_xlfn.XLOOKUP(C17/$N$2,基础数据!$N$106:$N$110,基础数据!$K$106:$K$110,"建议桥架敷设",1,1)),$R$2="低压流体输送用焊接钢管（SC）",_xlfn.XLOOKUP(D17*E17/$N$3,基础数据!$O$4:$O$15,基础数据!$K$4:$K$15,"建议桥架敷设",1,1),$R$2="套接紧定式钢管（JDG）",_xlfn.XLOOKUP(D17*E17/$N$3,基础数据!$O$16:$O$21,基础数据!$K$16:$K$21,"建议桥架敷设",1,1),$R$2="聚氯乙烯硬质电线管（PC）",_xlfn.XLOOKUP(D17*E17/$N$3,基础数据!$O$22:$O$27,基础数据!$K$22:$K$27,"建议桥架敷设",1,1),$R$2="聚氯乙烯半硬质电线管（FPC）",_xlfn.XLOOKUP(D17*E17/$N$3,基础数据!$O$28:$O$33,基础数据!$K$28:$K$33,"建议桥架敷设",1,1),$R$2="聚氯乙烯（PVC-U）",_xlfn.XLOOKUP(D17*E17/$N$3,基础数据!$O$37:$O$46,基础数据!$K$37:$K$46,"建议桥架敷设",1,1),$R$2="聚乙烯（PE）",_xlfn.XLOOKUP(D17*E17/$N$3,基础数据!$O$51:$O$62,基础数据!$K$51:$K$62,"建议桥架敷设",1,1),$R$2="双壁波纹管",_xlfn.XLOOKUP(D17*E17/$N$3,基础数据!$O$67:$O$72,基础数据!$K$67:$K$72,"建议桥架敷设",1,1),$R$2="套接扣压式薄壁钢导管（KBG）",_xlfn.XLOOKUP(D17*E17/$N$3,基础数据!$O$106:$O$110,基础数据!$K$106:$K$110,"建议桥架敷设",1,1)) -> - | G17: =天诚!B20 -> FTP-CAT.6A | H17: =天诚!C20 -> 7.3 | I17: =(H17/2)^2*PI() -> 41.853868 | K17: =_xlfn.IFS(J17=0,"-",$R$2="低压流体输送用焊接钢管（SC）",_xlfn.XLOOKUP(I17*J17/$N$3,基础数据!$O$4:$O$15,基础数据!$K$4:$K$15,"建议桥架敷设",1,1),$R$2="套接紧定式钢管（JDG）",_xlfn.XLOOKUP(I17*J17/$N$3,基础数据!$O$16:$O$21,基础数据!$K$16:$K$21,"建议桥架敷设",1,1),$R$2="聚氯乙烯硬质电线管（PC）",_xlfn.XLOOKUP(I17*J17/$N$3,基础数据!$O$22:$O$27,基础数据!$K$22:$K$27,"建议桥架敷设",1,1),$R$2="聚氯乙烯半硬质电线管（FPC）",_xlfn.XLOOKUP(I17*J17/$N$3,基础数据!$O$28:$O$33,基础数据!$K$28:$K$33,"建议桥架敷设",1,1),$R$2="聚氯乙烯（PVC-U）",_xlfn.XLOOKUP(I17*J17/$N$3,基础数据!$O$37:$O$46,基础数据!$K$37:$K$46,"建议桥架敷设",1,1),$R$2="聚乙烯（PE）",_xlfn.XLOOKUP(I17*J17/$N$3,基础数据!$O$51:$O$62,基础数据!$K$51:$K$62,"建议桥架敷设",1,1),$R$2="双壁波纹管",_xlfn.XLOOKUP(I17*J17/$N$3,基础数据!$O$67:$O$72,基础数据!$K$67:$K$72,"建议桥架敷设",1,1),$R$2="套接扣压式薄壁钢导管（KBG）",_xlfn.XLOOKUP(I17*J17/$N$3,基础数据!$O$106:$O$110,基础数据!$K$106:$K$110,"建议桥架敷设",1,1)) -> - | L17: =飞鹤!A28 -> RVV-4*1.5 | M17: =飞鹤!B28 -> 10.5 | N17: =(M17/2)^2*PI() -> 86.590148 | P17: =_xlfn.IFS(O17=0,"-",$R$2="低压流体输送用焊接钢管（SC）",_xlfn.XLOOKUP(N17*O17/$N$3,基础数据!$O$4:$O$15,基础数据!$K$4:$K$15,"建议桥架敷设",1,1),$R$2="套接紧定式钢管（JDG）",_xlfn.XLOOKUP(N17*O17/$N$3,基础数据!$O$16:$O$21,基础数据!$K$16:$K$21,"建议桥架敷设",1,1),$R$2="聚氯乙烯硬质电线管（PC）",_xlfn.XLOOKUP(N17*O17/$N$3,基础数据!$O$22:$O$27,基础数据!$K$22:$K$27,"建议桥架敷设",1,1),$R$2="聚氯乙烯半硬质电线管（FPC）",_xlfn.XLOOKUP(N17*O17/$N$3,基础数据!$O$28:$O$33,基础数据!$K$28:$K$33,"建议桥架敷设",1,1),$R$2="聚氯乙烯（PVC-U）",_xlfn.XLOOKUP(N17*O17/$N$3,基础数据!$O$37:$O$46,基础数据!$K$37:$K$46,"建议桥架敷设",1,1),$R$2="聚乙烯（PE）",_xlfn.XLOOKUP(N17*O17/$N$3,基础数据!$O$51:$O$62,基础数据!$K$51:$K$62,"建议桥架敷设",1,1),$R$2="双壁波纹管",_xlfn.XLOOKUP(N17*O17/$N$3,基础数据!$O$67:$O$72,基础数据!$K$67:$K$72,"建议桥架敷设",1,1),$R$2="套接扣压式薄壁钢导管（KBG）",_xlfn.XLOOKUP(N17*O17/$N$3,基础数据!$O$106:$O$110,基础数据!$K$106:$K$110,"建议桥架敷设",1,1)) -> - | Q17: =飞鹤!A105 -> RVVP-4*1.5 | R17: =飞鹤!B105 -> 11.5 | S17: =(R17/2)^2*PI() -> 103.86891 | U17: =_xlfn.IFS(T17=0,"-",$R$2="低压流体输送用焊接钢管（SC）",_xlfn.XLOOKUP(S17*T17/$N$3,基础数据!$O$4:$O$15,基础数据!$K$4:$K$15,"建议桥架敷设",1,1),$R$2="套接紧定式钢管（JDG）",_xlfn.XLOOKUP(S17*T17/$N$3,基础数据!$O$16:$O$21,基础数据!$K$16:$K$21,"建议桥架敷设",1,1),$R$2="聚氯乙烯硬质电线管（PC）",_xlfn.XLOOKUP(S17*T17/$N$3,基础数据!$O$22:$O$27,基础数据!$K$22:$K$27,"建议桥架敷设",1,1),$R$2="聚氯乙烯半硬质电线管（FPC）",_xlfn.XLOOKUP(S17*T17/$N$3,基础数据!$O$28:$O$33,基础数据!$K$28:$K$33,"建议桥架敷设",1,1),$R$2="聚氯乙烯（PVC-U）",_xlfn.XLOOKUP(S17*T17/$N$3,基础数据!$O$37:$O$46,基础数据!$K$37:$K$46,"建议桥架敷设",1,1),$R$2="聚乙烯（PE）",_xlfn.XLOOKUP(S17*T17/$N$3,基础数据!$O$51:$O$62,基础数据!$K$51:$K$62,"建议桥架敷设",1,1),$R$2="双壁波纹管",_xlfn.XLOOKUP(S17*T17/$N$3,基础数据!$O$67:$O$72,基础数据!$K$67:$K$72,"建议桥架敷设",1,1),$R$2="套接扣压式薄壁钢导管（KBG）",_xlfn.XLOOKUP(S17*T17/$N$3,基础数据!$O$106:$O$110,基础数据!$K$106:$K$110,"建议桥架敷设",1,1)) -> - | V17: =天诚!B49 -> GYX-2*1.0 | W17: =天诚!C49 -> 8.4 | X17: =(W17/2)^2*PI() -> 55.417694 | Z17: =_xlfn.IFS(Y17=0,"-",$R$2="低压流体输送用焊接钢管（SC）",_xlfn.XLOOKUP(X17*Y17/$N$3,基础数据!$O$4:$O$15,基础数据!$K$4:$K$15,"建议桥架敷设",1,1),$R$2="套接紧定式钢管（JDG）",_xlfn.XLOOKUP(X17*Y17/$N$3,基础数据!$O$16:$O$21,基础数据!$K$16:$K$21,"建议桥架敷设",1,1),$R$2="聚氯乙烯硬质电线管（PC）",_xlfn.XLOOKUP(X17*Y17/$N$3,基础数据!$O$22:$O$27,基础数据!$K$22:$K$27,"建议桥架敷设",1,1),$R$2="聚氯乙烯半硬质电线管（FPC）",_xlfn.XLOOKUP(X17*Y17/$N$3,基础数据!$O$28:$O$33,基础数据!$K$28:$K$33,"建议桥架敷设",1,1),$R$2="聚氯乙烯（PVC-U）",_xlfn.XLOOKUP(X17*Y17/$N$3,基础数据!$O$37:$O$46,基础数据!$K$37:$K$46,"建议桥架敷设",1,1),$R$2="聚乙烯（PE）",_xlfn.XLOOKUP(X17*Y17/$N$3,基础数据!$O$51:$O$62,基础数据!$K$51:$K$62,"建议桥架敷设",1,1),$R$2="双壁波纹管",_xlfn.XLOOKUP(X17*Y17/$N$3,基础数据!$O$67:$O$72,基础数据!$K$67:$K$72,"建议桥架敷设",1,1),$R$2="套接扣压式薄壁钢导管（KBG）",_xlfn.XLOOKUP(X17*Y17/$N$3,基础数据!$O$106:$O$110,基础数据!$K$106:$K$110,"建议桥架敷设",1,1)) -> -
B18: =长飞!A11 -> 72芯室内光缆 | C18: =长飞!B11 -> 17.5 | D18: =(C18/2)^2*PI() -> 240.52819 | F18: =_xlfn.IFS(E18=0,"-",E18=1,_xlfn.IFS($R$2="低压流体输送用焊接钢管（SC）",_xlfn.XLOOKUP(C18/$N$2,基础数据!$N$4:$N$15,基础数据!$K$4:$K$15,"建议桥架敷设",1,1),$R$2="套接紧定式钢管（JDG）",_xlfn.XLOOKUP(C18/$N$2,基础数据!$N$16:$N$21,基础数据!$K$16:$K$21,"建议桥架敷设",1,1),$R$2="聚氯乙烯硬质电线管（PC）",_xlfn.XLOOKUP(C18/$N$2,基础数据!$N$22:$N$27,基础数据!$K$22:$K$27,"建议桥架敷设",1,1),$R$2="聚氯乙烯半硬质电线管（FPC）",_xlfn.XLOOKUP(C18/$N$2,基础数据!$N$28:$N$33,基础数据!$K$28:$K$33,"建议桥架敷设",1,1),$R$2="聚氯乙烯（PVC-U）",_xlfn.XLOOKUP(C18/$N$2,基础数据!$N$37:$N$46,基础数据!$K$37:$K$46,"建议桥架敷设",1,1),$R$2="聚乙烯（PE）",_xlfn.XLOOKUP(C18/$N$2,基础数据!$N$51:$N$62,基础数据!$K$51:$K$62,"建议桥架敷设",1,1),$R$2="双壁波纹管",_xlfn.XLOOKUP(C18/$N$2,基础数据!$N$67:$N$72,基础数据!$K$67:$K$72,"建议桥架敷设",1,1),$R$2="套接扣压式薄壁钢导管（KBG）",_xlfn.XLOOKUP(C18/$N$2,基础数据!$N$106:$N$110,基础数据!$K$106:$K$110,"建议桥架敷设",1,1)),$R$2="低压流体输送用焊接钢管（SC）",_xlfn.XLOOKUP(D18*E18/$N$3,基础数据!$O$4:$O$15,基础数据!$K$4:$K$15,"建议桥架敷设",1,1),$R$2="套接紧定式钢管（JDG）",_xlfn.XLOOKUP(D18*E18/$N$3,基础数据!$O$16:$O$21,基础数据!$K$16:$K$21,"建议桥架敷设",1,1),$R$2="聚氯乙烯硬质电线管（PC）",_xlfn.XLOOKUP(D18*E18/$N$3,基础数据!$O$22:$O$27,基础数据!$K$22:$K$27,"建议桥架敷设",1,1),$R$2="聚氯乙烯半硬质电线管（FPC）",_xlfn.XLOOKUP(D18*E18/$N$3,基础数据!$O$28:$O$33,基础数据!$K$28:$K$33,"建议桥架敷设",1,1),$R$2="聚氯乙烯（PVC-U）",_xlfn.XLOOKUP(D18*E18/$N$3,基础数据!$O$37:$O$46,基础数据!$K$37:$K$46,"建议桥架敷设",1,1),$R$2="聚乙烯（PE）",_xlfn.XLOOKUP(D18*E18/$N$3,基础数据!$O$51:$O$62,基础数据!$K$51:$K$62,"建议桥架敷设",1,1),$R$2="双壁波纹管",_xlfn.XLOOKUP(D18*E18/$N$3,基础数据!$O$67:$O$72,基础数据!$K$67:$K$72,"建议桥架敷设",1,1),$R$2="套接扣压式薄壁钢导管（KBG）",_xlfn.XLOOKUP(D18*E18/$N$3,基础数据!$O$106:$O$110,基础数据!$K$106:$K$110,"建议桥架敷设",1,1)) -> - | G18: =天诚!B22 -> U/FTP-CAT.6A | H18: =天诚!C22 -> 7.5 | I18: =(H18/2)^2*PI() -> 44.178647 | K18: =_xlfn.IFS(J18=0,"-",$R$2="低压流体输送用焊接钢管（SC）",_xlfn.XLOOKUP(I18*J18/$N$3,基础数据!$O$4:$O$15,基础数据!$K$4:$K$15,"建议桥架敷设",1,1),$R$2="套接紧定式钢管（JDG）",_xlfn.XLOOKUP(I18*J18/$N$3,基础数据!$O$16:$O$21,基础数据!$K$16:$K$21,"建议桥架敷设",1,1),$R$2="聚氯乙烯硬质电线管（PC）",_xlfn.XLOOKUP(I18*J18/$N$3,基础数据!$O$22:$O$27,基础数据!$K$22:$K$27,"建议桥架敷设",1,1),$R$2="聚氯乙烯半硬质电线管（FPC）",_xlfn.XLOOKUP(I18*J18/$N$3,基础数据!$O$28:$O$33,基础数据!$K$28:$K$33,"建议桥架敷设",1,1),$R$2="聚氯乙烯（PVC-U）",_xlfn.XLOOKUP(I18*J18/$N$3,基础数据!$O$37:$O$46,基础数据!$K$37:$K$46,"建议桥架敷设",1,1),$R$2="聚乙烯（PE）",_xlfn.XLOOKUP(I18*J18/$N$3,基础数据!$O$51:$O$62,基础数据!$K$51:$K$62,"建议桥架敷设",1,1),$R$2="双壁波纹管",_xlfn.XLOOKUP(I18*J18/$N$3,基础数据!$O$67:$O$72,基础数据!$K$67:$K$72,"建议桥架敷设",1,1),$R$2="套接扣压式薄壁钢导管（KBG）",_xlfn.XLOOKUP(I18*J18/$N$3,基础数据!$O$106:$O$110,基础数据!$K$106:$K$110,"建议桥架敷设",1,1)) -> - | L18: =飞鹤!A29 -> RVV-4*2.5 | M18: =飞鹤!B29 -> 12.5 | N18: =(M18/2)^2*PI() -> 122.71846 | P18: =_xlfn.IFS(O18=0,"-",$R$2="低压流体输送用焊接钢管（SC）",_xlfn.XLOOKUP(N18*O18/$N$3,基础数据!$O$4:$O$15,基础数据!$K$4:$K$15,"建议桥架敷设",1,1),$R$2="套接紧定式钢管（JDG）",_xlfn.XLOOKUP(N18*O18/$N$3,基础数据!$O$16:$O$21,基础数据!$K$16:$K$21,"建议桥架敷设",1,1),$R$2="聚氯乙烯硬质电线管（PC）",_xlfn.XLOOKUP(N18*O18/$N$3,基础数据!$O$22:$O$27,基础数据!$K$22:$K$27,"建议桥架敷设",1,1),$R$2="聚氯乙烯半硬质电线管（FPC）",_xlfn.XLOOKUP(N18*O18/$N$3,基础数据!$O$28:$O$33,基础数据!$K$28:$K$33,"建议桥架敷设",1,1),$R$2="聚氯乙烯（PVC-U）",_xlfn.XLOOKUP(N18*O18/$N$3,基础数据!$O$37:$O$46,基础数据!$K$37:$K$46,"建议桥架敷设",1,1),$R$2="聚乙烯（PE）",_xlfn.XLOOKUP(N18*O18/$N$3,基础数据!$O$51:$O$62,基础数据!$K$51:$K$62,"建议桥架敷设",1,1),$R$2="双壁波纹管",_xlfn.XLOOKUP(N18*O18/$N$3,基础数据!$O$67:$O$72,基础数据!$K$67:$K$72,"建议桥架敷设",1,1),$R$2="套接扣压式薄壁钢导管（KBG）",_xlfn.XLOOKUP(N18*O18/$N$3,基础数据!$O$106:$O$110,基础数据!$K$106:$K$110,"建议桥架敷设",1,1)) -> - | Q18: =飞鹤!A106 -> RVVP-4*2.5 | R18: =飞鹤!B106 -> 13.6 | S18: =(R18/2)^2*PI() -> 145.26724 | U18: =_xlfn.IFS(T18=0,"-",$R$2="低压流体输送用焊接钢管（SC）",_xlfn.XLOOKUP(S18*T18/$N$3,基础数据!$O$4:$O$15,基础数据!$K$4:$K$15,"建议桥架敷设",1,1),$R$2="套接紧定式钢管（JDG）",_xlfn.XLOOKUP(S18*T18/$N$3,基础数据!$O$16:$O$21,基础数据!$K$16:$K$21,"建议桥架敷设",1,1),$R$2="聚氯乙烯硬质电线管（PC）",_xlfn.XLOOKUP(S18*T18/$N$3,基础数据!$O$22:$O$27,基础数据!$K$22:$K$27,"建议桥架敷设",1,1),$R$2="聚氯乙烯半硬质电线管（FPC）",_xlfn.XLOOKUP(S18*T18/$N$3,基础数据!$O$28:$O$33,基础数据!$K$28:$K$33,"建议桥架敷设",1,1),$R$2="聚氯乙烯（PVC-U）",_xlfn.XLOOKUP(S18*T18/$N$3,基础数据!$O$37:$O$46,基础数据!$K$37:$K$46,"建议桥架敷设",1,1),$R$2="聚乙烯（PE）",_xlfn.XLOOKUP(S18*T18/$N$3,基础数据!$O$51:$O$62,基础数据!$K$51:$K$62,"建议桥架敷设",1,1),$R$2="双壁波纹管",_xlfn.XLOOKUP(S18*T18/$N$3,基础数据!$O$67:$O$72,基础数据!$K$67:$K$72,"建议桥架敷设",1,1),$R$2="套接扣压式薄壁钢导管（KBG）",_xlfn.XLOOKUP(S18*T18/$N$3,基础数据!$O$106:$O$110,基础数据!$K$106:$K$110,"建议桥架敷设",1,1)) -> - | V18: =天诚!B50 -> GYX-2*1.5 | W18: =天诚!C50 -> 8.72 | X18: =(W18/2)^2*PI() -> 59.72042 | Z18: =_xlfn.IFS(Y18=0,"-",$R$2="低压流体输送用焊接钢管（SC）",_xlfn.XLOOKUP(X18*Y18/$N$3,基础数据!$O$4:$O$15,基础数据!$K$4:$K$15,"建议桥架敷设",1,1),$R$2="套接紧定式钢管（JDG）",_xlfn.XLOOKUP(X18*Y18/$N$3,基础数据!$O$16:$O$21,基础数据!$K$16:$K$21,"建议桥架敷设",1,1),$R$2="聚氯乙烯硬质电线管（PC）",_xlfn.XLOOKUP(X18*Y18/$N$3,基础数据!$O$22:$O$27,基础数据!$K$22:$K$27,"建议桥架敷设",1,1),$R$2="聚氯乙烯半硬质电线管（FPC）",_xlfn.XLOOKUP(X18*Y18/$N$3,基础数据!$O$28:$O$33,基础数据!$K$28:$K$33,"建议桥架敷设",1,1),$R$2="聚氯乙烯（PVC-U）",_xlfn.XLOOKUP(X18*Y18/$N$3,基础数据!$O$37:$O$46,基础数据!$K$37:$K$46,"建议桥架敷设",1,1),$R$2="聚乙烯（PE）",_xlfn.XLOOKUP(X18*Y18/$N$3,基础数据!$O$51:$O$62,基础数据!$K$51:$K$62,"建议桥架敷设",1,1),$R$2="双壁波纹管",_xlfn.XLOOKUP(X18*Y18/$N$3,基础数据!$O$67:$O$72,基础数据!$K$67:$K$72,"建议桥架敷设",1,1),$R$2="套接扣压式薄壁钢导管（KBG）",_xlfn.XLOOKUP(X18*Y18/$N$3,基础数据!$O$106:$O$110,基础数据!$K$106:$K$110,"建议桥架敷设",1,1)) -> -
B19: =长飞!A12 -> 96芯室内光缆 | C19: =长飞!B12 -> 20.7 | D19: =(C19/2)^2*PI() -> 336.53526 | F19: =_xlfn.IFS(E19=0,"-",E19=1,_xlfn.IFS($R$2="低压流体输送用焊接钢管（SC）",_xlfn.XLOOKUP(C19/$N$2,基础数据!$N$4:$N$15,基础数据!$K$4:$K$15,"建议桥架敷设",1,1),$R$2="套接紧定式钢管（JDG）",_xlfn.XLOOKUP(C19/$N$2,基础数据!$N$16:$N$21,基础数据!$K$16:$K$21,"建议桥架敷设",1,1),$R$2="聚氯乙烯硬质电线管（PC）",_xlfn.XLOOKUP(C19/$N$2,基础数据!$N$22:$N$27,基础数据!$K$22:$K$27,"建议桥架敷设",1,1),$R$2="聚氯乙烯半硬质电线管（FPC）",_xlfn.XLOOKUP(C19/$N$2,基础数据!$N$28:$N$33,基础数据!$K$28:$K$33,"建议桥架敷设",1,1),$R$2="聚氯乙烯（PVC-U）",_xlfn.XLOOKUP(C19/$N$2,基础数据!$N$37:$N$46,基础数据!$K$37:$K$46,"建议桥架敷设",1,1),$R$2="聚乙烯（PE）",_xlfn.XLOOKUP(C19/$N$2,基础数据!$N$51:$N$62,基础数据!$K$51:$K$62,"建议桥架敷设",1,1),$R$2="双壁波纹管",_xlfn.XLOOKUP(C19/$N$2,基础数据!$N$67:$N$72,基础数据!$K$67:$K$72,"建议桥架敷设",1,1),$R$2="套接扣压式薄壁钢导管（KBG）",_xlfn.XLOOKUP(C19/$N$2,基础数据!$N$106:$N$110,基础数据!$K$106:$K$110,"建议桥架敷设",1,1)),$R$2="低压流体输送用焊接钢管（SC）",_xlfn.XLOOKUP(D19*E19/$N$3,基础数据!$O$4:$O$15,基础数据!$K$4:$K$15,"建议桥架敷设",1,1),$R$2="套接紧定式钢管（JDG）",_xlfn.XLOOKUP(D19*E19/$N$3,基础数据!$O$16:$O$21,基础数据!$K$16:$K$21,"建议桥架敷设",1,1),$R$2="聚氯乙烯硬质电线管（PC）",_xlfn.XLOOKUP(D19*E19/$N$3,基础数据!$O$22:$O$27,基础数据!$K$22:$K$27,"建议桥架敷设",1,1),$R$2="聚氯乙烯半硬质电线管（FPC）",_xlfn.XLOOKUP(D19*E19/$N$3,基础数据!$O$28:$O$33,基础数据!$K$28:$K$33,"建议桥架敷设",1,1),$R$2="聚氯乙烯（PVC-U）",_xlfn.XLOOKUP(D19*E19/$N$3,基础数据!$O$37:$O$46,基础数据!$K$37:$K$46,"建议桥架敷设",1,1),$R$2="聚乙烯（PE）",_xlfn.XLOOKUP(D19*E19/$N$3,基础数据!$O$51:$O$62,基础数据!$K$51:$K$62,"建议桥架敷设",1,1),$R$2="双壁波纹管",_xlfn.XLOOKUP(D19*E19/$N$3,基础数据!$O$67:$O$72,基础数据!$K$67:$K$72,"建议桥架敷设",1,1),$R$2="套接扣压式薄壁钢导管（KBG）",_xlfn.XLOOKUP(D19*E19/$N$3,基础数据!$O$106:$O$110,基础数据!$K$106:$K$110,"建议桥架敷设",1,1)) -> - | G19: =天诚!B23 -> SFTP-CAT.6A | H19: =天诚!C23 -> 8.2 | I19: =(H19/2)^2*PI() -> 52.810173 | K19: =_xlfn.IFS(J19=0,"-",$R$2="低压流体输送用焊接钢管（SC）",_xlfn.XLOOKUP(I19*J19/$N$3,基础数据!$O$4:$O$15,基础数据!$K$4:$K$15,"建议桥架敷设",1,1),$R$2="套接紧定式钢管（JDG）",_xlfn.XLOOKUP(I19*J19/$N$3,基础数据!$O$16:$O$21,基础数据!$K$16:$K$21,"建议桥架敷设",1,1),$R$2="聚氯乙烯硬质电线管（PC）",_xlfn.XLOOKUP(I19*J19/$N$3,基础数据!$O$22:$O$27,基础数据!$K$22:$K$27,"建议桥架敷设",1,1),$R$2="聚氯乙烯半硬质电线管（FPC）",_xlfn.XLOOKUP(I19*J19/$N$3,基础数据!$O$28:$O$33,基础数据!$K$28:$K$33,"建议桥架敷设",1,1),$R$2="聚氯乙烯（PVC-U）",_xlfn.XLOOKUP(I19*J19/$N$3,基础数据!$O$37:$O$46,基础数据!$K$37:$K$46,"建议桥架敷设",1,1),$R$2="聚乙烯（PE）",_xlfn.XLOOKUP(I19*J19/$N$3,基础数据!$O$51:$O$62,基础数据!$K$51:$K$62,"建议桥架敷设",1,1),$R$2="双壁波纹管",_xlfn.XLOOKUP(I19*J19/$N$3,基础数据!$O$67:$O$72,基础数据!$K$67:$K$72,"建议桥架敷设",1,1),$R$2="套接扣压式薄壁钢导管（KBG）",_xlfn.XLOOKUP(I19*J19/$N$3,基础数据!$O$106:$O$110,基础数据!$K$106:$K$110,"建议桥架敷设",1,1)) -> - | N19: =(M19/2)^2*PI() -> 0 | P19: =_xlfn.IFS(O19=0,"-",$R$2="低压流体输送用焊接钢管（SC）",_xlfn.XLOOKUP(N19*O19/$N$3,基础数据!$O$4:$O$15,基础数据!$K$4:$K$15,"建议桥架敷设",1,1),$R$2="套接紧定式钢管（JDG）",_xlfn.XLOOKUP(N19*O19/$N$3,基础数据!$O$16:$O$21,基础数据!$K$16:$K$21,"建议桥架敷设",1,1),$R$2="聚氯乙烯硬质电线管（PC）",_xlfn.XLOOKUP(N19*O19/$N$3,基础数据!$O$22:$O$27,基础数据!$K$22:$K$27,"建议桥架敷设",1,1),$R$2="聚氯乙烯半硬质电线管（FPC）",_xlfn.XLOOKUP(N19*O19/$N$3,基础数据!$O$28:$O$33,基础数据!$K$28:$K$33,"建议桥架敷设",1,1),$R$2="聚氯乙烯（PVC-U）",_xlfn.XLOOKUP(N19*O19/$N$3,基础数据!$O$37:$O$46,基础数据!$K$37:$K$46,"建议桥架敷设",1,1),$R$2="聚乙烯（PE）",_xlfn.XLOOKUP(N19*O19/$N$3,基础数据!$O$51:$O$62,基础数据!$K$51:$K$62,"建议桥架敷设",1,1),$R$2="双壁波纹管",_xlfn.XLOOKUP(N19*O19/$N$3,基础数据!$O$67:$O$72,基础数据!$K$67:$K$72,"建议桥架敷设",1,1),$R$2="套接扣压式薄壁钢导管（KBG）",_xlfn.XLOOKUP(N19*O19/$N$3,基础数据!$O$106:$O$110,基础数据!$K$106:$K$110,"建议桥架敷设",1,1)) -> - | Q19: =飞鹤!A116 -> RVVP-6*0.5 | R19: =飞鹤!B116 -> 10.2 | S19: =(R19/2)^2*PI() -> 81.712825 | U19: =_xlfn.IFS(T19=0,"-",$R$2="低压流体输送用焊接钢管（SC）",_xlfn.XLOOKUP(S19*T19/$N$3,基础数据!$O$4:$O$15,基础数据!$K$4:$K$15,"建议桥架敷设",1,1),$R$2="套接紧定式钢管（JDG）",_xlfn.XLOOKUP(S19*T19/$N$3,基础数据!$O$16:$O$21,基础数据!$K$16:$K$21,"建议桥架敷设",1,1),$R$2="聚氯乙烯硬质电线管（PC）",_xlfn.XLOOKUP(S19*T19/$N$3,基础数据!$O$22:$O$27,基础数据!$K$22:$K$27,"建议桥架敷设",1,1),$R$2="聚氯乙烯半硬质电线管（FPC）",_xlfn.XLOOKUP(S19*T19/$N$3,基础数据!$O$28:$O$33,基础数据!$K$28:$K$33,"建议桥架敷设",1,1),$R$2="聚氯乙烯（PVC-U）",_xlfn.XLOOKUP(S19*T19/$N$3,基础数据!$O$37:$O$46,基础数据!$K$37:$K$46,"建议桥架敷设",1,1),$R$2="聚乙烯（PE）",_xlfn.XLOOKUP(S19*T19/$N$3,基础数据!$O$51:$O$62,基础数据!$K$51:$K$62,"建议桥架敷设",1,1),$R$2="双壁波纹管",_xlfn.XLOOKUP(S19*T19/$N$3,基础数据!$O$67:$O$72,基础数据!$K$67:$K$72,"建议桥架敷设",1,1),$R$2="套接扣压式薄壁钢导管（KBG）",_xlfn.XLOOKUP(S19*T19/$N$3,基础数据!$O$106:$O$110,基础数据!$K$106:$K$110,"建议桥架敷设",1,1)) -> - | V19: =天诚!B51 -> GYX-2*2.0 | W19: =天诚!C51 -> 9.14 | X19: =(W19/2)^2*PI() -> 65.611848 | Z19: =_xlfn.IFS(Y19=0,"-",$R$2="低压流体输送用焊接钢管（SC）",_xlfn.XLOOKUP(X19*Y19/$N$3,基础数据!$O$4:$O$15,基础数据!$K$4:$K$15,"建议桥架敷设",1,1),$R$2="套接紧定式钢管（JDG）",_xlfn.XLOOKUP(X19*Y19/$N$3,基础数据!$O$16:$O$21,基础数据!$K$16:$K$21,"建议桥架敷设",1,1),$R$2="聚氯乙烯硬质电线管（PC）",_xlfn.XLOOKUP(X19*Y19/$N$3,基础数据!$O$22:$O$27,基础数据!$K$22:$K$27,"建议桥架敷设",1,1),$R$2="聚氯乙烯半硬质电线管（FPC）",_xlfn.XLOOKUP(X19*Y19/$N$3,基础数据!$O$28:$O$33,基础数据!$K$28:$K$33,"建议桥架敷设",1,1),$R$2="聚氯乙烯（PVC-U）",_xlfn.XLOOKUP(X19*Y19/$N$3,基础数据!$O$37:$O$46,基础数据!$K$37:$K$46,"建议桥架敷设",1,1),$R$2="聚乙烯（PE）",_xlfn.XLOOKUP(X19*Y19/$N$3,基础数据!$O$51:$O$62,基础数据!$K$51:$K$62,"建议桥架敷设",1,1),$R$2="双壁波纹管",_xlfn.XLOOKUP(X19*Y19/$N$3,基础数据!$O$67:$O$72,基础数据!$K$67:$K$72,"建议桥架敷设",1,1),$R$2="套接扣压式薄壁钢导管（KBG）",_xlfn.XLOOKUP(X19*Y19/$N$3,基础数据!$O$106:$O$110,基础数据!$K$106:$K$110,"建议桥架敷设",1,1)) -> -
B20: =长飞!A13 -> 144芯室内光缆 | C20: =长飞!B13 -> 24.8 | D20: =(C20/2)^2*PI() -> 483.05129 | F20: =_xlfn.IFS(E20=0,"-",E20=1,_xlfn.IFS($R$2="低压流体输送用焊接钢管（SC）",_xlfn.XLOOKUP(C20/$N$2,基础数据!$N$4:$N$15,基础数据!$K$4:$K$15,"建议桥架敷设",1,1),$R$2="套接紧定式钢管（JDG）",_xlfn.XLOOKUP(C20/$N$2,基础数据!$N$16:$N$21,基础数据!$K$16:$K$21,"建议桥架敷设",1,1),$R$2="聚氯乙烯硬质电线管（PC）",_xlfn.XLOOKUP(C20/$N$2,基础数据!$N$22:$N$27,基础数据!$K$22:$K$27,"建议桥架敷设",1,1),$R$2="聚氯乙烯半硬质电线管（FPC）",_xlfn.XLOOKUP(C20/$N$2,基础数据!$N$28:$N$33,基础数据!$K$28:$K$33,"建议桥架敷设",1,1),$R$2="聚氯乙烯（PVC-U）",_xlfn.XLOOKUP(C20/$N$2,基础数据!$N$37:$N$46,基础数据!$K$37:$K$46,"建议桥架敷设",1,1),$R$2="聚乙烯（PE）",_xlfn.XLOOKUP(C20/$N$2,基础数据!$N$51:$N$62,基础数据!$K$51:$K$62,"建议桥架敷设",1,1),$R$2="双壁波纹管",_xlfn.XLOOKUP(C20/$N$2,基础数据!$N$67:$N$72,基础数据!$K$67:$K$72,"建议桥架敷设",1,1),$R$2="套接扣压式薄壁钢导管（KBG）",_xlfn.XLOOKUP(C20/$N$2,基础数据!$N$106:$N$110,基础数据!$K$106:$K$110,"建议桥架敷设",1,1)),$R$2="低压流体输送用焊接钢管（SC）",_xlfn.XLOOKUP(D20*E20/$N$3,基础数据!$O$4:$O$15,基础数据!$K$4:$K$15,"建议桥架敷设",1,1),$R$2="套接紧定式钢管（JDG）",_xlfn.XLOOKUP(D20*E20/$N$3,基础数据!$O$16:$O$21,基础数据!$K$16:$K$21,"建议桥架敷设",1,1),$R$2="聚氯乙烯硬质电线管（PC）",_xlfn.XLOOKUP(D20*E20/$N$3,基础数据!$O$22:$O$27,基础数据!$K$22:$K$27,"建议桥架敷设",1,1),$R$2="聚氯乙烯半硬质电线管（FPC）",_xlfn.XLOOKUP(D20*E20/$N$3,基础数据!$O$28:$O$33,基础数据!$K$28:$K$33,"建议桥架敷设",1,1),$R$2="聚氯乙烯（PVC-U）",_xlfn.XLOOKUP(D20*E20/$N$3,基础数据!$O$37:$O$46,基础数据!$K$37:$K$46,"建议桥架敷设",1,1),$R$2="聚乙烯（PE）",_xlfn.XLOOKUP(D20*E20/$N$3,基础数据!$O$51:$O$62,基础数据!$K$51:$K$62,"建议桥架敷设",1,1),$R$2="双壁波纹管",_xlfn.XLOOKUP(D20*E20/$N$3,基础数据!$O$67:$O$72,基础数据!$K$67:$K$72,"建议桥架敷设",1,1),$R$2="套接扣压式薄壁钢导管（KBG）",_xlfn.XLOOKUP(D20*E20/$N$3,基础数据!$O$106:$O$110,基础数据!$K$106:$K$110,"建议桥架敷设",1,1)) -> - | G20: =天诚!B24 -> S/FTP-CAT.7 | H20: =天诚!C24 -> 7.5 | I20: =(H20/2)^2*PI() -> 44.178647 | K20: =_xlfn.IFS(J20=0,"-",$R$2="低压流体输送用焊接钢管（SC）",_xlfn.XLOOKUP(I20*J20/$N$3,基础数据!$O$4:$O$15,基础数据!$K$4:$K$15,"建议桥架敷设",1,1),$R$2="套接紧定式钢管（JDG）",_xlfn.XLOOKUP(I20*J20/$N$3,基础数据!$O$16:$O$21,基础数据!$K$16:$K$21,"建议桥架敷设",1,1),$R$2="聚氯乙烯硬质电线管（PC）",_xlfn.XLOOKUP(I20*J20/$N$3,基础数据!$O$22:$O$27,基础数据!$K$22:$K$27,"建议桥架敷设",1,1),$R$2="聚氯乙烯半硬质电线管（FPC）",_xlfn.XLOOKUP(I20*J20/$N$3,基础数据!$O$28:$O$33,基础数据!$K$28:$K$33,"建议桥架敷设",1,1),$R$2="聚氯乙烯（PVC-U）",_xlfn.XLOOKUP(I20*J20/$N$3,基础数据!$O$37:$O$46,基础数据!$K$37:$K$46,"建议桥架敷设",1,1),$R$2="聚乙烯（PE）",_xlfn.XLOOKUP(I20*J20/$N$3,基础数据!$O$51:$O$62,基础数据!$K$51:$K$62,"建议桥架敷设",1,1),$R$2="双壁波纹管",_xlfn.XLOOKUP(I20*J20/$N$3,基础数据!$O$67:$O$72,基础数据!$K$67:$K$72,"建议桥架敷设",1,1),$R$2="套接扣压式薄壁钢导管（KBG）",_xlfn.XLOOKUP(I20*J20/$N$3,基础数据!$O$106:$O$110,基础数据!$K$106:$K$110,"建议桥架敷设",1,1)) -> - | L20: =飞鹤!A48 -> RVV-6*0.75 | M20: =飞鹤!B48 -> 9.6 | N20: =(M20/2)^2*PI() -> 72.382295 | P20: =_xlfn.IFS(O20=0,"-",$R$2="低压流体输送用焊接钢管（SC）",_xlfn.XLOOKUP(N20*O20/$N$3,基础数据!$O$4:$O$15,基础数据!$K$4:$K$15,"建议桥架敷设",1,1),$R$2="套接紧定式钢管（JDG）",_xlfn.XLOOKUP(N20*O20/$N$3,基础数据!$O$16:$O$21,基础数据!$K$16:$K$21,"建议桥架敷设",1,1),$R$2="聚氯乙烯硬质电线管（PC）",_xlfn.XLOOKUP(N20*O20/$N$3,基础数据!$O$22:$O$27,基础数据!$K$22:$K$27,"建议桥架敷设",1,1),$R$2="聚氯乙烯半硬质电线管（FPC）",_xlfn.XLOOKUP(N20*O20/$N$3,基础数据!$O$28:$O$33,基础数据!$K$28:$K$33,"建议桥架敷设",1,1),$R$2="聚氯乙烯（PVC-U）",_xlfn.XLOOKUP(N20*O20/$N$3,基础数据!$O$37:$O$46,基础数据!$K$37:$K$46,"建议桥架敷设",1,1),$R$2="聚乙烯（PE）",_xlfn.XLOOKUP(N20*O20/$N$3,基础数据!$O$51:$O$62,基础数据!$K$51:$K$62,"建议桥架敷设",1,1),$R$2="双壁波纹管",_xlfn.XLOOKUP(N20*O20/$N$3,基础数据!$O$67:$O$72,基础数据!$K$67:$K$72,"建议桥架敷设",1,1),$R$2="套接扣压式薄壁钢导管（KBG）",_xlfn.XLOOKUP(N20*O20/$N$3,基础数据!$O$106:$O$110,基础数据!$K$106:$K$110,"建议桥架敷设",1,1)) -> - | Q20: =飞鹤!A117 -> RVVP-6*0.75 | R20: =飞鹤!B117 -> 10.7 | S20: =(R20/2)^2*PI() -> 89.920236 | U20: =_xlfn.IFS(T20=0,"-",$R$2="低压流体输送用焊接钢管（SC）",_xlfn.XLOOKUP(S20*T20/$N$3,基础数据!$O$4:$O$15,基础数据!$K$4:$K$15,"建议桥架敷设",1,1),$R$2="套接紧定式钢管（JDG）",_xlfn.XLOOKUP(S20*T20/$N$3,基础数据!$O$16:$O$21,基础数据!$K$16:$K$21,"建议桥架敷设",1,1),$R$2="聚氯乙烯硬质电线管（PC）",_xlfn.XLOOKUP(S20*T20/$N$3,基础数据!$O$22:$O$27,基础数据!$K$22:$K$27,"建议桥架敷设",1,1),$R$2="聚氯乙烯半硬质电线管（FPC）",_xlfn.XLOOKUP(S20*T20/$N$3,基础数据!$O$28:$O$33,基础数据!$K$28:$K$33,"建议桥架敷设",1,1),$R$2="聚氯乙烯（PVC-U）",_xlfn.XLOOKUP(S20*T20/$N$3,基础数据!$O$37:$O$46,基础数据!$K$37:$K$46,"建议桥架敷设",1,1),$R$2="聚乙烯（PE）",_xlfn.XLOOKUP(S20*T20/$N$3,基础数据!$O$51:$O$62,基础数据!$K$51:$K$62,"建议桥架敷设",1,1),$R$2="双壁波纹管",_xlfn.XLOOKUP(S20*T20/$N$3,基础数据!$O$67:$O$72,基础数据!$K$67:$K$72,"建议桥架敷设",1,1),$R$2="套接扣压式薄壁钢导管（KBG）",_xlfn.XLOOKUP(S20*T20/$N$3,基础数据!$O$106:$O$110,基础数据!$K$106:$K$110,"建议桥架敷设",1,1)) -> - | V20: =天诚!B52 -> GYX-2*2.5 | W20: =天诚!C52 -> 9.62 | X20: =(W20/2)^2*PI() -> 72.684202 | Z20: =_xlfn.IFS(Y20=0,"-",$R$2="低压流体输送用焊接钢管（SC）",_xlfn.XLOOKUP(X20*Y20/$N$3,基础数据!$O$4:$O$15,基础数据!$K$4:$K$15,"建议桥架敷设",1,1),$R$2="套接紧定式钢管（JDG）",_xlfn.XLOOKUP(X20*Y20/$N$3,基础数据!$O$16:$O$21,基础数据!$K$16:$K$21,"建议桥架敷设",1,1),$R$2="聚氯乙烯硬质电线管（PC）",_xlfn.XLOOKUP(X20*Y20/$N$3,基础数据!$O$22:$O$27,基础数据!$K$22:$K$27,"建议桥架敷设",1,1),$R$2="聚氯乙烯半硬质电线管（FPC）",_xlfn.XLOOKUP(X20*Y20/$N$3,基础数据!$O$28:$O$33,基础数据!$K$28:$K$33,"建议桥架敷设",1,1),$R$2="聚氯乙烯（PVC-U）",_xlfn.XLOOKUP(X20*Y20/$N$3,基础数据!$O$37:$O$46,基础数据!$K$37:$K$46,"建议桥架敷设",1,1),$R$2="聚乙烯（PE）",_xlfn.XLOOKUP(X20*Y20/$N$3,基础数据!$O$51:$O$62,基础数据!$K$51:$K$62,"建议桥架敷设",1,1),$R$2="双壁波纹管",_xlfn.XLOOKUP(X20*Y20/$N$3,基础数据!$O$67:$O$72,基础数据!$K$67:$K$72,"建议桥架敷设",1,1),$R$2="套接扣压式薄壁钢导管（KBG）",_xlfn.XLOOKUP(X20*Y20/$N$3,基础数据!$O$106:$O$110,基础数据!$K$106:$K$110,"建议桥架敷设",1,1)) -> -
D21: =(C21/2)^2*PI() -> 0 | F21: =_xlfn.IFS(E21=0,"-",$R$2="低压流体输送用焊接钢管（SC）",_xlfn.XLOOKUP(D21*E21/$N$3,基础数据!$O$4:$O$15,基础数据!$K$4:$K$15,"建议桥架敷设",1,1),$R$2="套接紧定式钢管（JDG）",_xlfn.XLOOKUP(D21*E21/$N$3,基础数据!$O$16:$O$21,基础数据!$K$16:$K$21,"建议桥架敷设",1,1),$R$2="聚氯乙烯硬质电线管（PC）",_xlfn.XLOOKUP(D21*E21/$N$3,基础数据!$O$22:$O$27,基础数据!$K$22:$K$27,"建议桥架敷设",1,1),$R$2="聚氯乙烯半硬质电线管（FPC）",_xlfn.XLOOKUP(D21*E21/$N$3,基础数据!$O$28:$O$33,基础数据!$K$28:$K$33,"建议桥架敷设",1,1),$R$2="聚氯乙烯（PVC-U）",_xlfn.XLOOKUP(D21*E21/$N$3,基础数据!$O$37:$O$46,基础数据!$K$37:$K$46,"建议桥架敷设",1,1),$R$2="聚乙烯（PE）",_xlfn.XLOOKUP(D21*E21/$N$3,基础数据!$O$51:$O$62,基础数据!$K$51:$K$62,"建议桥架敷设",1,1),$R$2="双壁波纹管",_xlfn.XLOOKUP(D21*E21/$N$3,基础数据!$O$67:$O$72,基础数据!$K$67:$K$72,"建议桥架敷设",1,1),$R$2="套接扣压式薄壁钢导管（KBG）",_xlfn.XLOOKUP(D21*E21/$N$3,基础数据!$O$106:$O$110,基础数据!$K$106:$K$110,"建议桥架敷设",1,1)) -> - | G21: =天诚!B25 -> S/FTP-CAT.7A | H21: =天诚!C25 -> 7.8 | I21: =(H21/2)^2*PI() -> 47.783624 | K21: =_xlfn.IFS(J21=0,"-",$R$2="低压流体输送用焊接钢管（SC）",_xlfn.XLOOKUP(I21*J21/$N$3,基础数据!$O$4:$O$15,基础数据!$K$4:$K$15,"建议桥架敷设",1,1),$R$2="套接紧定式钢管（JDG）",_xlfn.XLOOKUP(I21*J21/$N$3,基础数据!$O$16:$O$21,基础数据!$K$16:$K$21,"建议桥架敷设",1,1),$R$2="聚氯乙烯硬质电线管（PC）",_xlfn.XLOOKUP(I21*J21/$N$3,基础数据!$O$22:$O$27,基础数据!$K$22:$K$27,"建议桥架敷设",1,1),$R$2="聚氯乙烯半硬质电线管（FPC）",_xlfn.XLOOKUP(I21*J21/$N$3,基础数据!$O$28:$O$33,基础数据!$K$28:$K$33,"建议桥架敷设",1,1),$R$2="聚氯乙烯（PVC-U）",_xlfn.XLOOKUP(I21*J21/$N$3,基础数据!$O$37:$O$46,基础数据!$K$37:$K$46,"建议桥架敷设",1,1),$R$2="聚乙烯（PE）",_xlfn.XLOOKUP(I21*J21/$N$3,基础数据!$O$51:$O$62,基础数据!$K$51:$K$62,"建议桥架敷设",1,1),$R$2="双壁波纹管",_xlfn.XLOOKUP(I21*J21/$N$3,基础数据!$O$67:$O$72,基础数据!$K$67:$K$72,"建议桥架敷设",1,1),$R$2="套接扣压式薄壁钢导管（KBG）",_xlfn.XLOOKUP(I21*J21/$N$3,基础数据!$O$106:$O$110,基础数据!$K$106:$K$110,"建议桥架敷设",1,1)) -> - | L21: =飞鹤!A49 -> RVV-6*1.0 | M21: =飞鹤!B49 -> 11 | N21: =(M21/2)^2*PI() -> 95.033178 | P21: =_xlfn.IFS(O21=0,"-",$R$2="低压流体输送用焊接钢管（SC）",_xlfn.XLOOKUP(N21*O21/$N$3,基础数据!$O$4:$O$15,基础数据!$K$4:$K$15,"建议桥架敷设",1,1),$R$2="套接紧定式钢管（JDG）",_xlfn.XLOOKUP(N21*O21/$N$3,基础数据!$O$16:$O$21,基础数据!$K$16:$K$21,"建议桥架敷设",1,1),$R$2="聚氯乙烯硬质电线管（PC）",_xlfn.XLOOKUP(N21*O21/$N$3,基础数据!$O$22:$O$27,基础数据!$K$22:$K$27,"建议桥架敷设",1,1),$R$2="聚氯乙烯半硬质电线管（FPC）",_xlfn.XLOOKUP(N21*O21/$N$3,基础数据!$O$28:$O$33,基础数据!$K$28:$K$33,"建议桥架敷设",1,1),$R$2="聚氯乙烯（PVC-U）",_xlfn.XLOOKUP(N21*O21/$N$3,基础数据!$O$37:$O$46,基础数据!$K$37:$K$46,"建议桥架敷设",1,1),$R$2="聚乙烯（PE）",_xlfn.XLOOKUP(N21*O21/$N$3,基础数据!$O$51:$O$62,基础数据!$K$51:$K$62,"建议桥架敷设",1,1),$R$2="双壁波纹管",_xlfn.XLOOKUP(N21*O21/$N$3,基础数据!$O$67:$O$72,基础数据!$K$67:$K$72,"建议桥架敷设",1,1),$R$2="套接扣压式薄壁钢导管（KBG）",_xlfn.XLOOKUP(N21*O21/$N$3,基础数据!$O$106:$O$110,基础数据!$K$106:$K$110,"建议桥架敷设",1,1)) -> - | Q21: =飞鹤!A118 -> RVVP-6*1.0 | R21: =飞鹤!B118 -> 12.4 | S21: =(R21/2)^2*PI() -> 120.76282 | U21: =_xlfn.IFS(T21=0,"-",$R$2="低压流体输送用焊接钢管（SC）",_xlfn.XLOOKUP(S21*T21/$N$3,基础数据!$O$4:$O$15,基础数据!$K$4:$K$15,"建议桥架敷设",1,1),$R$2="套接紧定式钢管（JDG）",_xlfn.XLOOKUP(S21*T21/$N$3,基础数据!$O$16:$O$21,基础数据!$K$16:$K$21,"建议桥架敷设",1,1),$R$2="聚氯乙烯硬质电线管（PC）",_xlfn.XLOOKUP(S21*T21/$N$3,基础数据!$O$22:$O$27,基础数据!$K$22:$K$27,"建议桥架敷设",1,1),$R$2="聚氯乙烯半硬质电线管（FPC）",_xlfn.XLOOKUP(S21*T21/$N$3,基础数据!$O$28:$O$33,基础数据!$K$28:$K$33,"建议桥架敷设",1,1),$R$2="聚氯乙烯（PVC-U）",_xlfn.XLOOKUP(S21*T21/$N$3,基础数据!$O$37:$O$46,基础数据!$K$37:$K$46,"建议桥架敷设",1,1),$R$2="聚乙烯（PE）",_xlfn.XLOOKUP(S21*T21/$N$3,基础数据!$O$51:$O$62,基础数据!$K$51:$K$62,"建议桥架敷设",1,1),$R$2="双壁波纹管",_xlfn.XLOOKUP(S21*T21/$N$3,基础数据!$O$67:$O$72,基础数据!$K$67:$K$72,"建议桥架敷设",1,1),$R$2="套接扣压式薄壁钢导管（KBG）",_xlfn.XLOOKUP(S21*T21/$N$3,基础数据!$O$106:$O$110,基础数据!$K$106:$K$110,"建议桥架敷设",1,1)) -> - | V21: =天诚!B53 -> GYX-2*3.0 | W21: =天诚!C53 -> 10.9 | X21: =(W21/2)^2*PI() -> 93.313156 | Z21: =_xlfn.IFS(Y21=0,"-",$R$2="低压流体输送用焊接钢管（SC）",_xlfn.XLOOKUP(X21*Y21/$N$3,基础数据!$O$4:$O$15,基础数据!$K$4:$K$15,"建议桥架敷设",1,1),$R$2="套接紧定式钢管（JDG）",_xlfn.XLOOKUP(X21*Y21/$N$3,基础数据!$O$16:$O$21,基础数据!$K$16:$K$21,"建议桥架敷设",1,1),$R$2="聚氯乙烯硬质电线管（PC）",_xlfn.XLOOKUP(X21*Y21/$N$3,基础数据!$O$22:$O$27,基础数据!$K$22:$K$27,"建议桥架敷设",1,1),$R$2="聚氯乙烯半硬质电线管（FPC）",_xlfn.XLOOKUP(X21*Y21/$N$3,基础数据!$O$28:$O$33,基础数据!$K$28:$K$33,"建议桥架敷设",1,1),$R$2="聚氯乙烯（PVC-U）",_xlfn.XLOOKUP(X21*Y21/$N$3,基础数据!$O$37:$O$46,基础数据!$K$37:$K$46,"建议桥架敷设",1,1),$R$2="聚乙烯（PE）",_xlfn.XLOOKUP(X21*Y21/$N$3,基础数据!$O$51:$O$62,基础数据!$K$51:$K$62,"建议桥架敷设",1,1),$R$2="双壁波纹管",_xlfn.XLOOKUP(X21*Y21/$N$3,基础数据!$O$67:$O$72,基础数据!$K$67:$K$72,"建议桥架敷设",1,1),$R$2="套接扣压式薄壁钢导管（KBG）",_xlfn.XLOOKUP(X21*Y21/$N$3,基础数据!$O$106:$O$110,基础数据!$K$106:$K$110,"建议桥架敷设",1,1)) -> -
B22: =长飞!A14 -> 2~30芯室外光缆 | C22: =长飞!B14 -> 7.8 | D22: =(C22/2)^2*PI() -> 47.783624 | F22: =_xlfn.IFS(E22=0,"-",E22=1,_xlfn.IFS($R$2="低压流体输送用焊接钢管（SC）",_xlfn.XLOOKUP(C22/$N$2,基础数据!$N$4:$N$15,基础数据!$K$4:$K$15,"建议桥架敷设",1,1),$R$2="套接紧定式钢管（JDG）",_xlfn.XLOOKUP(C22/$N$2,基础数据!$N$16:$N$21,基础数据!$K$16:$K$21,"建议桥架敷设",1,1),$R$2="聚氯乙烯硬质电线管（PC）",_xlfn.XLOOKUP(C22/$N$2,基础数据!$N$22:$N$27,基础数据!$K$22:$K$27,"建议桥架敷设",1,1),$R$2="聚氯乙烯半硬质电线管（FPC）",_xlfn.XLOOKUP(C22/$N$2,基础数据!$N$28:$N$33,基础数据!$K$28:$K$33,"建议桥架敷设",1,1),$R$2="聚氯乙烯（PVC-U）",_xlfn.XLOOKUP(C22/$N$2,基础数据!$N$37:$N$46,基础数据!$K$37:$K$46,"建议桥架敷设",1,1),$R$2="聚乙烯（PE）",_xlfn.XLOOKUP(C22/$N$2,基础数据!$N$51:$N$62,基础数据!$K$51:$K$62,"建议桥架敷设",1,1),$R$2="双壁波纹管",_xlfn.XLOOKUP(C22/$N$2,基础数据!$N$67:$N$72,基础数据!$K$67:$K$72,"建议桥架敷设",1,1),$R$2="套接扣压式薄壁钢导管（KBG）",_xlfn.XLOOKUP(C22/$N$2,基础数据!$N$106:$N$110,基础数据!$K$106:$K$110,"建议桥架敷设",1,1)),$R$2="低压流体输送用焊接钢管（SC）",_xlfn.XLOOKUP(D22*E22/$N$3,基础数据!$O$4:$O$15,基础数据!$K$4:$K$15,"建议桥架敷设",1,1),$R$2="套接紧定式钢管（JDG）",_xlfn.XLOOKUP(D22*E22/$N$3,基础数据!$O$16:$O$21,基础数据!$K$16:$K$21,"建议桥架敷设",1,1),$R$2="聚氯乙烯硬质电线管（PC）",_xlfn.XLOOKUP(D22*E22/$N$3,基础数据!$O$22:$O$27,基础数据!$K$22:$K$27,"建议桥架敷设",1,1),$R$2="聚氯乙烯半硬质电线管（FPC）",_xlfn.XLOOKUP(D22*E22/$N$3,基础数据!$O$28:$O$33,基础数据!$K$28:$K$33,"建议桥架敷设",1,1),$R$2="聚氯乙烯（PVC-U）",_xlfn.XLOOKUP(D22*E22/$N$3,基础数据!$O$37:$O$46,基础数据!$K$37:$K$46,"建议桥架敷设",1,1),$R$2="聚乙烯（PE）",_xlfn.XLOOKUP(D22*E22/$N$3,基础数据!$O$51:$O$62,基础数据!$K$51:$K$62,"建议桥架敷设",1,1),$R$2="双壁波纹管",_xlfn.XLOOKUP(D22*E22/$N$3,基础数据!$O$67:$O$72,基础数据!$K$67:$K$72,"建议桥架敷设",1,1),$R$2="套接扣压式薄壁钢导管（KBG）",_xlfn.XLOOKUP(D22*E22/$N$3,基础数据!$O$106:$O$110,基础数据!$K$106:$K$110,"建议桥架敷设",1,1)) -> - | G22: =天诚!B26 -> S/FTP-CAT.8 | H22: =天诚!C26 -> 8.2 | I22: =(H22/2)^2*PI() -> 52.810173 | K22: =_xlfn.IFS(J22=0,"-",$R$2="低压流体输送用焊接钢管（SC）",_xlfn.XLOOKUP(I22*J22/$N$3,基础数据!$O$4:$O$15,基础数据!$K$4:$K$15,"建议桥架敷设",1,1),$R$2="套接紧定式钢管（JDG）",_xlfn.XLOOKUP(I22*J22/$N$3,基础数据!$O$16:$O$21,基础数据!$K$16:$K$21,"建议桥架敷设",1,1),$R$2="聚氯乙烯硬质电线管（PC）",_xlfn.XLOOKUP(I22*J22/$N$3,基础数据!$O$22:$O$27,基础数据!$K$22:$K$27,"建议桥架敷设",1,1),$R$2="聚氯乙烯半硬质电线管（FPC）",_xlfn.XLOOKUP(I22*J22/$N$3,基础数据!$O$28:$O$33,基础数据!$K$28:$K$33,"建议桥架敷设",1,1),$R$2="聚氯乙烯（PVC-U）",_xlfn.XLOOKUP(I22*J22/$N$3,基础数据!$O$37:$O$46,基础数据!$K$37:$K$46,"建议桥架敷设",1,1),$R$2="聚乙烯（PE）",_xlfn.XLOOKUP(I22*J22/$N$3,基础数据!$O$51:$O$62,基础数据!$K$51:$K$62,"建议桥架敷设",1,1),$R$2="双壁波纹管",_xlfn.XLOOKUP(I22*J22/$N$3,基础数据!$O$67:$O$72,基础数据!$K$67:$K$72,"建议桥架敷设",1,1),$R$2="套接扣压式薄壁钢导管（KBG）",_xlfn.XLOOKUP(I22*J22/$N$3,基础数据!$O$106:$O$110,基础数据!$K$106:$K$110,"建议桥架敷设",1,1)) -> - | L22: =飞鹤!A50 -> RVV-6*1.5 | M22: =飞鹤!B50 -> 13.3 | N22: =(M22/2)^2*PI() -> 138.92908 | P22: =_xlfn.IFS(O22=0,"-",$R$2="低压流体输送用焊接钢管（SC）",_xlfn.XLOOKUP(N22*O22/$N$3,基础数据!$O$4:$O$15,基础数据!$K$4:$K$15,"建议桥架敷设",1,1),$R$2="套接紧定式钢管（JDG）",_xlfn.XLOOKUP(N22*O22/$N$3,基础数据!$O$16:$O$21,基础数据!$K$16:$K$21,"建议桥架敷设",1,1),$R$2="聚氯乙烯硬质电线管（PC）",_xlfn.XLOOKUP(N22*O22/$N$3,基础数据!$O$22:$O$27,基础数据!$K$22:$K$27,"建议桥架敷设",1,1),$R$2="聚氯乙烯半硬质电线管（FPC）",_xlfn.XLOOKUP(N22*O22/$N$3,基础数据!$O$28:$O$33,基础数据!$K$28:$K$33,"建议桥架敷设",1,1),$R$2="聚氯乙烯（PVC-U）",_xlfn.XLOOKUP(N22*O22/$N$3,基础数据!$O$37:$O$46,基础数据!$K$37:$K$46,"建议桥架敷设",1,1),$R$2="聚乙烯（PE）",_xlfn.XLOOKUP(N22*O22/$N$3,基础数据!$O$51:$O$62,基础数据!$K$51:$K$62,"建议桥架敷设",1,1),$R$2="双壁波纹管",_xlfn.XLOOKUP(N22*O22/$N$3,基础数据!$O$67:$O$72,基础数据!$K$67:$K$72,"建议桥架敷设",1,1),$R$2="套接扣压式薄壁钢导管（KBG）",_xlfn.XLOOKUP(N22*O22/$N$3,基础数据!$O$106:$O$110,基础数据!$K$106:$K$110,"建议桥架敷设",1,1)) -> - | Q22: =飞鹤!A119 -> RVVP-6*1.5 | R22: =飞鹤!B119 -> 13.6 | S22: =(R22/2)^2*PI() -> 145.26724 | U22: =_xlfn.IFS(T22=0,"-",$R$2="低压流体输送用焊接钢管（SC）",_xlfn.XLOOKUP(S22*T22/$N$3,基础数据!$O$4:$O$15,基础数据!$K$4:$K$15,"建议桥架敷设",1,1),$R$2="套接紧定式钢管（JDG）",_xlfn.XLOOKUP(S22*T22/$N$3,基础数据!$O$16:$O$21,基础数据!$K$16:$K$21,"建议桥架敷设",1,1),$R$2="聚氯乙烯硬质电线管（PC）",_xlfn.XLOOKUP(S22*T22/$N$3,基础数据!$O$22:$O$27,基础数据!$K$22:$K$27,"建议桥架敷设",1,1),$R$2="聚氯乙烯半硬质电线管（FPC）",_xlfn.XLOOKUP(S22*T22/$N$3,基础数据!$O$28:$O$33,基础数据!$K$28:$K$33,"建议桥架敷设",1,1),$R$2="聚氯乙烯（PVC-U）",_xlfn.XLOOKUP(S22*T22/$N$3,基础数据!$O$37:$O$46,基础数据!$K$37:$K$46,"建议桥架敷设",1,1),$R$2="聚乙烯（PE）",_xlfn.XLOOKUP(S22*T22/$N$3,基础数据!$O$51:$O$62,基础数据!$K$51:$K$62,"建议桥架敷设",1,1),$R$2="双壁波纹管",_xlfn.XLOOKUP(S22*T22/$N$3,基础数据!$O$67:$O$72,基础数据!$K$67:$K$72,"建议桥架敷设",1,1),$R$2="套接扣压式薄壁钢导管（KBG）",_xlfn.XLOOKUP(S22*T22/$N$3,基础数据!$O$106:$O$110,基础数据!$K$106:$K$110,"建议桥架敷设",1,1)) -> - | V22: =天诚!B54 -> GYX-2*3.5 | W22: =天诚!C54 -> 11.32 | X22: =(W22/2)^2*PI() -> 100.64281 | Z22: =_xlfn.IFS(Y22=0,"-",$R$2="低压流体输送用焊接钢管（SC）",_xlfn.XLOOKUP(X22*Y22/$N$3,基础数据!$O$4:$O$15,基础数据!$K$4:$K$15,"建议桥架敷设",1,1),$R$2="套接紧定式钢管（JDG）",_xlfn.XLOOKUP(X22*Y22/$N$3,基础数据!$O$16:$O$21,基础数据!$K$16:$K$21,"建议桥架敷设",1,1),$R$2="聚氯乙烯硬质电线管（PC）",_xlfn.XLOOKUP(X22*Y22/$N$3,基础数据!$O$22:$O$27,基础数据!$K$22:$K$27,"建议桥架敷设",1,1),$R$2="聚氯乙烯半硬质电线管（FPC）",_xlfn.XLOOKUP(X22*Y22/$N$3,基础数据!$O$28:$O$33,基础数据!$K$28:$K$33,"建议桥架敷设",1,1),$R$2="聚氯乙烯（PVC-U）",_xlfn.XLOOKUP(X22*Y22/$N$3,基础数据!$O$37:$O$46,基础数据!$K$37:$K$46,"建议桥架敷设",1,1),$R$2="聚乙烯（PE）",_xlfn.XLOOKUP(X22*Y22/$N$3,基础数据!$O$51:$O$62,基础数据!$K$51:$K$62,"建议桥架敷设",1,1),$R$2="双壁波纹管",_xlfn.XLOOKUP(X22*Y22/$N$3,基础数据!$O$67:$O$72,基础数据!$K$67:$K$72,"建议桥架敷设",1,1),$R$2="套接扣压式薄壁钢导管（KBG）",_xlfn.XLOOKUP(X22*Y22/$N$3,基础数据!$O$106:$O$110,基础数据!$K$106:$K$110,"建议桥架敷设",1,1)) -> -
B23: =长飞!A15 -> 32~36芯室外光缆 | C23: =长飞!B15 -> 8.1 | D23: =(C23/2)^2*PI() -> 51.529974 | F23: =_xlfn.IFS(E23=0,"-",E23=1,_xlfn.IFS($R$2="低压流体输送用焊接钢管（SC）",_xlfn.XLOOKUP(C23/$N$2,基础数据!$N$4:$N$15,基础数据!$K$4:$K$15,"建议桥架敷设",1,1),$R$2="套接紧定式钢管（JDG）",_xlfn.XLOOKUP(C23/$N$2,基础数据!$N$16:$N$21,基础数据!$K$16:$K$21,"建议桥架敷设",1,1),$R$2="聚氯乙烯硬质电线管（PC）",_xlfn.XLOOKUP(C23/$N$2,基础数据!$N$22:$N$27,基础数据!$K$22:$K$27,"建议桥架敷设",1,1),$R$2="聚氯乙烯半硬质电线管（FPC）",_xlfn.XLOOKUP(C23/$N$2,基础数据!$N$28:$N$33,基础数据!$K$28:$K$33,"建议桥架敷设",1,1),$R$2="聚氯乙烯（PVC-U）",_xlfn.XLOOKUP(C23/$N$2,基础数据!$N$37:$N$46,基础数据!$K$37:$K$46,"建议桥架敷设",1,1),$R$2="聚乙烯（PE）",_xlfn.XLOOKUP(C23/$N$2,基础数据!$N$51:$N$62,基础数据!$K$51:$K$62,"建议桥架敷设",1,1),$R$2="双壁波纹管",_xlfn.XLOOKUP(C23/$N$2,基础数据!$N$67:$N$72,基础数据!$K$67:$K$72,"建议桥架敷设",1,1),$R$2="套接扣压式薄壁钢导管（KBG）",_xlfn.XLOOKUP(C23/$N$2,基础数据!$N$106:$N$110,基础数据!$K$106:$K$110,"建议桥架敷设",1,1)),$R$2="低压流体输送用焊接钢管（SC）",_xlfn.XLOOKUP(D23*E23/$N$3,基础数据!$O$4:$O$15,基础数据!$K$4:$K$15,"建议桥架敷设",1,1),$R$2="套接紧定式钢管（JDG）",_xlfn.XLOOKUP(D23*E23/$N$3,基础数据!$O$16:$O$21,基础数据!$K$16:$K$21,"建议桥架敷设",1,1),$R$2="聚氯乙烯硬质电线管（PC）",_xlfn.XLOOKUP(D23*E23/$N$3,基础数据!$O$22:$O$27,基础数据!$K$22:$K$27,"建议桥架敷设",1,1),$R$2="聚氯乙烯半硬质电线管（FPC）",_xlfn.XLOOKUP(D23*E23/$N$3,基础数据!$O$28:$O$33,基础数据!$K$28:$K$33,"建议桥架敷设",1,1),$R$2="聚氯乙烯（PVC-U）",_xlfn.XLOOKUP(D23*E23/$N$3,基础数据!$O$37:$O$46,基础数据!$K$37:$K$46,"建议桥架敷设",1,1),$R$2="聚乙烯（PE）",_xlfn.XLOOKUP(D23*E23/$N$3,基础数据!$O$51:$O$62,基础数据!$K$51:$K$62,"建议桥架敷设",1,1),$R$2="双壁波纹管",_xlfn.XLOOKUP(D23*E23/$N$3,基础数据!$O$67:$O$72,基础数据!$K$67:$K$72,"建议桥架敷设",1,1),$R$2="套接扣压式薄壁钢导管（KBG）",_xlfn.XLOOKUP(D23*E23/$N$3,基础数据!$O$106:$O$110,基础数据!$K$106:$K$110,"建议桥架敷设",1,1)) -> - | I23: =(H23/2)^2*PI() -> 0 | K23: =_xlfn.IFS(J23=0,"-",$R$2="低压流体输送用焊接钢管（SC）",_xlfn.XLOOKUP(I23*J23/$N$3,基础数据!$O$4:$O$15,基础数据!$K$4:$K$15,"建议桥架敷设",1,1),$R$2="套接紧定式钢管（JDG）",_xlfn.XLOOKUP(I23*J23/$N$3,基础数据!$O$16:$O$21,基础数据!$K$16:$K$21,"建议桥架敷设",1,1),$R$2="聚氯乙烯硬质电线管（PC）",_xlfn.XLOOKUP(I23*J23/$N$3,基础数据!$O$22:$O$27,基础数据!$K$22:$K$27,"建议桥架敷设",1,1),$R$2="聚氯乙烯半硬质电线管（FPC）",_xlfn.XLOOKUP(I23*J23/$N$3,基础数据!$O$28:$O$33,基础数据!$K$28:$K$33,"建议桥架敷设",1,1),$R$2="聚氯乙烯（PVC-U）",_xlfn.XLOOKUP(I23*J23/$N$3,基础数据!$O$37:$O$46,基础数据!$K$37:$K$46,"建议桥架敷设",1,1),$R$2="聚乙烯（PE）",_xlfn.XLOOKUP(I23*J23/$N$3,基础数据!$O$51:$O$62,基础数据!$K$51:$K$62,"建议桥架敷设",1,1),$R$2="双壁波纹管",_xlfn.XLOOKUP(I23*J23/$N$3,基础数据!$O$67:$O$72,基础数据!$K$67:$K$72,"建议桥架敷设",1,1),$R$2="套接扣压式薄壁钢导管（KBG）",_xlfn.XLOOKUP(I23*J23/$N$3,基础数据!$O$106:$O$110,基础数据!$K$106:$K$110,"建议桥架敷设",1,1)) -> - | L23: =飞鹤!A51 -> RVV-6*2.5 | M23: =飞鹤!B51 -> 15.8 | N23: =(M23/2)^2*PI() -> 196.0668 | P23: =_xlfn.IFS(O23=0,"-",$R$2="低压流体输送用焊接钢管（SC）",_xlfn.XLOOKUP(N23*O23/$N$3,基础数据!$O$4:$O$15,基础数据!$K$4:$K$15,"建议桥架敷设",1,1),$R$2="套接紧定式钢管（JDG）",_xlfn.XLOOKUP(N23*O23/$N$3,基础数据!$O$16:$O$21,基础数据!$K$16:$K$21,"建议桥架敷设",1,1),$R$2="聚氯乙烯硬质电线管（PC）",_xlfn.XLOOKUP(N23*O23/$N$3,基础数据!$O$22:$O$27,基础数据!$K$22:$K$27,"建议桥架敷设",1,1),$R$2="聚氯乙烯半硬质电线管（FPC）",_xlfn.XLOOKUP(N23*O23/$N$3,基础数据!$O$28:$O$33,基础数据!$K$28:$K$33,"建议桥架敷设",1,1),$R$2="聚氯乙烯（PVC-U）",_xlfn.XLOOKUP(N23*O23/$N$3,基础数据!$O$37:$O$46,基础数据!$K$37:$K$46,"建议桥架敷设",1,1),$R$2="聚乙烯（PE）",_xlfn.XLOOKUP(N23*O23/$N$3,基础数据!$O$51:$O$62,基础数据!$K$51:$K$62,"建议桥架敷设",1,1),$R$2="双壁波纹管",_xlfn.XLOOKUP(N23*O23/$N$3,基础数据!$O$67:$O$72,基础数据!$K$67:$K$72,"建议桥架敷设",1,1),$R$2="套接扣压式薄壁钢导管（KBG）",_xlfn.XLOOKUP(N23*O23/$N$3,基础数据!$O$106:$O$110,基础数据!$K$106:$K$110,"建议桥架敷设",1,1)) -> - | Q23: =飞鹤!A120 -> RVVP-6*2.5 | R23: =飞鹤!B120 -> 16.1 | S23: =(R23/2)^2*PI() -> 203.58306 | U23: =_xlfn.IFS(T23=0,"-",$R$2="低压流体输送用焊接钢管（SC）",_xlfn.XLOOKUP(S23*T23/$N$3,基础数据!$O$4:$O$15,基础数据!$K$4:$K$15,"建议桥架敷设",1,1),$R$2="套接紧定式钢管（JDG）",_xlfn.XLOOKUP(S23*T23/$N$3,基础数据!$O$16:$O$21,基础数据!$K$16:$K$21,"建议桥架敷设",1,1),$R$2="聚氯乙烯硬质电线管（PC）",_xlfn.XLOOKUP(S23*T23/$N$3,基础数据!$O$22:$O$27,基础数据!$K$22:$K$27,"建议桥架敷设",1,1),$R$2="聚氯乙烯半硬质电线管（FPC）",_xlfn.XLOOKUP(S23*T23/$N$3,基础数据!$O$28:$O$33,基础数据!$K$28:$K$33,"建议桥架敷设",1,1),$R$2="聚氯乙烯（PVC-U）",_xlfn.XLOOKUP(S23*T23/$N$3,基础数据!$O$37:$O$46,基础数据!$K$37:$K$46,"建议桥架敷设",1,1),$R$2="聚乙烯（PE）",_xlfn.XLOOKUP(S23*T23/$N$3,基础数据!$O$51:$O$62,基础数据!$K$51:$K$62,"建议桥架敷设",1,1),$R$2="双壁波纹管",_xlfn.XLOOKUP(S23*T23/$N$3,基础数据!$O$67:$O$72,基础数据!$K$67:$K$72,"建议桥架敷设",1,1),$R$2="套接扣压式薄壁钢导管（KBG）",_xlfn.XLOOKUP(S23*T23/$N$3,基础数据!$O$106:$O$110,基础数据!$K$106:$K$110,"建议桥架敷设",1,1)) -> - | V23: =天诚!B55 -> GYX-2*4.0 | W23: =天诚!C55 -> 12.08 | X23: =(W23/2)^2*PI() -> 114.61033 | Z23: =_xlfn.IFS(Y23=0,"-",$R$2="低压流体输送用焊接钢管（SC）",_xlfn.XLOOKUP(X23*Y23/$N$3,基础数据!$O$4:$O$15,基础数据!$K$4:$K$15,"建议桥架敷设",1,1),$R$2="套接紧定式钢管（JDG）",_xlfn.XLOOKUP(X23*Y23/$N$3,基础数据!$O$16:$O$21,基础数据!$K$16:$K$21,"建议桥架敷设",1,1),$R$2="聚氯乙烯硬质电线管（PC）",_xlfn.XLOOKUP(X23*Y23/$N$3,基础数据!$O$22:$O$27,基础数据!$K$22:$K$27,"建议桥架敷设",1,1),$R$2="聚氯乙烯半硬质电线管（FPC）",_xlfn.XLOOKUP(X23*Y23/$N$3,基础数据!$O$28:$O$33,基础数据!$K$28:$K$33,"建议桥架敷设",1,1),$R$2="聚氯乙烯（PVC-U）",_xlfn.XLOOKUP(X23*Y23/$N$3,基础数据!$O$37:$O$46,基础数据!$K$37:$K$46,"建议桥架敷设",1,1),$R$2="聚乙烯（PE）",_xlfn.XLOOKUP(X23*Y23/$N$3,基础数据!$O$51:$O$62,基础数据!$K$51:$K$62,"建议桥架敷设",1,1),$R$2="双壁波纹管",_xlfn.XLOOKUP(X23*Y23/$N$3,基础数据!$O$67:$O$72,基础数据!$K$67:$K$72,"建议桥架敷设",1,1),$R$2="套接扣压式薄壁钢导管（KBG）",_xlfn.XLOOKUP(X23*Y23/$N$3,基础数据!$O$106:$O$110,基础数据!$K$106:$K$110,"建议桥架敷设",1,1)) -> -
B24: =长飞!A16 -> 38~60芯室外光缆 | C24: =长飞!B16 -> 9.2 | D24: =(C24/2)^2*PI() -> 66.476101 | F24: =_xlfn.IFS(E24=0,"-",E24=1,_xlfn.IFS($R$2="低压流体输送用焊接钢管（SC）",_xlfn.XLOOKUP(C24/$N$2,基础数据!$N$4:$N$15,基础数据!$K$4:$K$15,"建议桥架敷设",1,1),$R$2="套接紧定式钢管（JDG）",_xlfn.XLOOKUP(C24/$N$2,基础数据!$N$16:$N$21,基础数据!$K$16:$K$21,"建议桥架敷设",1,1),$R$2="聚氯乙烯硬质电线管（PC）",_xlfn.XLOOKUP(C24/$N$2,基础数据!$N$22:$N$27,基础数据!$K$22:$K$27,"建议桥架敷设",1,1),$R$2="聚氯乙烯半硬质电线管（FPC）",_xlfn.XLOOKUP(C24/$N$2,基础数据!$N$28:$N$33,基础数据!$K$28:$K$33,"建议桥架敷设",1,1),$R$2="聚氯乙烯（PVC-U）",_xlfn.XLOOKUP(C24/$N$2,基础数据!$N$37:$N$46,基础数据!$K$37:$K$46,"建议桥架敷设",1,1),$R$2="聚乙烯（PE）",_xlfn.XLOOKUP(C24/$N$2,基础数据!$N$51:$N$62,基础数据!$K$51:$K$62,"建议桥架敷设",1,1),$R$2="双壁波纹管",_xlfn.XLOOKUP(C24/$N$2,基础数据!$N$67:$N$72,基础数据!$K$67:$K$72,"建议桥架敷设",1,1),$R$2="套接扣压式薄壁钢导管（KBG）",_xlfn.XLOOKUP(C24/$N$2,基础数据!$N$106:$N$110,基础数据!$K$106:$K$110,"建议桥架敷设",1,1)),$R$2="低压流体输送用焊接钢管（SC）",_xlfn.XLOOKUP(D24*E24/$N$3,基础数据!$O$4:$O$15,基础数据!$K$4:$K$15,"建议桥架敷设",1,1),$R$2="套接紧定式钢管（JDG）",_xlfn.XLOOKUP(D24*E24/$N$3,基础数据!$O$16:$O$21,基础数据!$K$16:$K$21,"建议桥架敷设",1,1),$R$2="聚氯乙烯硬质电线管（PC）",_xlfn.XLOOKUP(D24*E24/$N$3,基础数据!$O$22:$O$27,基础数据!$K$22:$K$27,"建议桥架敷设",1,1),$R$2="聚氯乙烯半硬质电线管（FPC）",_xlfn.XLOOKUP(D24*E24/$N$3,基础数据!$O$28:$O$33,基础数据!$K$28:$K$33,"建议桥架敷设",1,1),$R$2="聚氯乙烯（PVC-U）",_xlfn.XLOOKUP(D24*E24/$N$3,基础数据!$O$37:$O$46,基础数据!$K$37:$K$46,"建议桥架敷设",1,1),$R$2="聚乙烯（PE）",_xlfn.XLOOKUP(D24*E24/$N$3,基础数据!$O$51:$O$62,基础数据!$K$51:$K$62,"建议桥架敷设",1,1),$R$2="双壁波纹管",_xlfn.XLOOKUP(D24*E24/$N$3,基础数据!$O$67:$O$72,基础数据!$K$67:$K$72,"建议桥架敷设",1,1),$R$2="套接扣压式薄壁钢导管（KBG）",_xlfn.XLOOKUP(D24*E24/$N$3,基础数据!$O$106:$O$110,基础数据!$K$106:$K$110,"建议桥架敷设",1,1)) -> - | G24: =天诚!B74 -> HBYV-1*2*0.4 | H24: 2.55 | I24: =天诚!D74 -> 4.4625 | K24: =_xlfn.IFS(J24=0,"-",$R$2="低压流体输送用焊接钢管（SC）",_xlfn.XLOOKUP(I24*J24/$N$3,基础数据!$O$4:$O$15,基础数据!$K$4:$K$15,"建议桥架敷设",1,1),$R$2="套接紧定式钢管（JDG）",_xlfn.XLOOKUP(I24*J24/$N$3,基础数据!$O$16:$O$21,基础数据!$K$16:$K$21,"建议桥架敷设",1,1),$R$2="聚氯乙烯硬质电线管（PC）",_xlfn.XLOOKUP(I24*J24/$N$3,基础数据!$O$22:$O$27,基础数据!$K$22:$K$27,"建议桥架敷设",1,1),$R$2="聚氯乙烯半硬质电线管（FPC）",_xlfn.XLOOKUP(I24*J24/$N$3,基础数据!$O$28:$O$33,基础数据!$K$28:$K$33,"建议桥架敷设",1,1),$R$2="聚氯乙烯（PVC-U）",_xlfn.XLOOKUP(I24*J24/$N$3,基础数据!$O$37:$O$46,基础数据!$K$37:$K$46,"建议桥架敷设",1,1),$R$2="聚乙烯（PE）",_xlfn.XLOOKUP(I24*J24/$N$3,基础数据!$O$51:$O$62,基础数据!$K$51:$K$62,"建议桥架敷设",1,1),$R$2="双壁波纹管",_xlfn.XLOOKUP(I24*J24/$N$3,基础数据!$O$67:$O$72,基础数据!$K$67:$K$72,"建议桥架敷设",1,1),$R$2="套接扣压式薄壁钢导管（KBG）",_xlfn.XLOOKUP(I24*J24/$N$3,基础数据!$O$106:$O$110,基础数据!$K$106:$K$110,"建议桥架敷设",1,1)) -> - | N24: =(M24/2)^2*PI() -> 0 | P24: =_xlfn.IFS(O24=0,"-",$R$2="低压流体输送用焊接钢管（SC）",_xlfn.XLOOKUP(N24*O24/$N$3,基础数据!$O$4:$O$15,基础数据!$K$4:$K$15,"建议桥架敷设",1,1),$R$2="套接紧定式钢管（JDG）",_xlfn.XLOOKUP(N24*O24/$N$3,基础数据!$O$16:$O$21,基础数据!$K$16:$K$21,"建议桥架敷设",1,1),$R$2="聚氯乙烯硬质电线管（PC）",_xlfn.XLOOKUP(N24*O24/$N$3,基础数据!$O$22:$O$27,基础数据!$K$22:$K$27,"建议桥架敷设",1,1),$R$2="聚氯乙烯半硬质电线管（FPC）",_xlfn.XLOOKUP(N24*O24/$N$3,基础数据!$O$28:$O$33,基础数据!$K$28:$K$33,"建议桥架敷设",1,1),$R$2="聚氯乙烯（PVC-U）",_xlfn.XLOOKUP(N24*O24/$N$3,基础数据!$O$37:$O$46,基础数据!$K$37:$K$46,"建议桥架敷设",1,1),$R$2="聚乙烯（PE）",_xlfn.XLOOKUP(N24*O24/$N$3,基础数据!$O$51:$O$62,基础数据!$K$51:$K$62,"建议桥架敷设",1,1),$R$2="双壁波纹管",_xlfn.XLOOKUP(N24*O24/$N$3,基础数据!$O$67:$O$72,基础数据!$K$67:$K$72,"建议桥架敷设",1,1),$R$2="套接扣压式薄壁钢导管（KBG）",_xlfn.XLOOKUP(N24*O24/$N$3,基础数据!$O$106:$O$110,基础数据!$K$106:$K$110,"建议桥架敷设",1,1)) -> - | Q24: =飞鹤!A130 -> RVVP-8*0.5 | R24: =飞鹤!B130 -> 11.2 | S24: =(R24/2)^2*PI() -> 98.520346 | U24: =_xlfn.IFS(T24=0,"-",$R$2="低压流体输送用焊接钢管（SC）",_xlfn.XLOOKUP(S24*T24/$N$3,基础数据!$O$4:$O$15,基础数据!$K$4:$K$15,"建议桥架敷设",1,1),$R$2="套接紧定式钢管（JDG）",_xlfn.XLOOKUP(S24*T24/$N$3,基础数据!$O$16:$O$21,基础数据!$K$16:$K$21,"建议桥架敷设",1,1),$R$2="聚氯乙烯硬质电线管（PC）",_xlfn.XLOOKUP(S24*T24/$N$3,基础数据!$O$22:$O$27,基础数据!$K$22:$K$27,"建议桥架敷设",1,1),$R$2="聚氯乙烯半硬质电线管（FPC）",_xlfn.XLOOKUP(S24*T24/$N$3,基础数据!$O$28:$O$33,基础数据!$K$28:$K$33,"建议桥架敷设",1,1),$R$2="聚氯乙烯（PVC-U）",_xlfn.XLOOKUP(S24*T24/$N$3,基础数据!$O$37:$O$46,基础数据!$K$37:$K$46,"建议桥架敷设",1,1),$R$2="聚乙烯（PE）",_xlfn.XLOOKUP(S24*T24/$N$3,基础数据!$O$51:$O$62,基础数据!$K$51:$K$62,"建议桥架敷设",1,1),$R$2="双壁波纹管",_xlfn.XLOOKUP(S24*T24/$N$3,基础数据!$O$67:$O$72,基础数据!$K$67:$K$72,"建议桥架敷设",1,1),$R$2="套接扣压式薄壁钢导管（KBG）",_xlfn.XLOOKUP(S24*T24/$N$3,基础数据!$O$106:$O$110,基础数据!$K$106:$K$110,"建议桥架敷设",1,1)) -> - | X24: =(W24/2)^2*PI() -> 0 | Z24: =_xlfn.IFS(Y24=0,"-",$R$2="低压流体输送用焊接钢管（SC）",_xlfn.XLOOKUP(X24*Y24/$N$3,基础数据!$O$4:$O$15,基础数据!$K$4:$K$15,"建议桥架敷设",1,1),$R$2="套接紧定式钢管（JDG）",_xlfn.XLOOKUP(X24*Y24/$N$3,基础数据!$O$16:$O$21,基础数据!$K$16:$K$21,"建议桥架敷设",1,1),$R$2="聚氯乙烯硬质电线管（PC）",_xlfn.XLOOKUP(X24*Y24/$N$3,基础数据!$O$22:$O$27,基础数据!$K$22:$K$27,"建议桥架敷设",1,1),$R$2="聚氯乙烯半硬质电线管（FPC）",_xlfn.XLOOKUP(X24*Y24/$N$3,基础数据!$O$28:$O$33,基础数据!$K$28:$K$33,"建议桥架敷设",1,1),$R$2="聚氯乙烯（PVC-U）",_xlfn.XLOOKUP(X24*Y24/$N$3,基础数据!$O$37:$O$46,基础数据!$K$37:$K$46,"建议桥架敷设",1,1),$R$2="聚乙烯（PE）",_xlfn.XLOOKUP(X24*Y24/$N$3,基础数据!$O$51:$O$62,基础数据!$K$51:$K$62,"建议桥架敷设",1,1),$R$2="双壁波纹管",_xlfn.XLOOKUP(X24*Y24/$N$3,基础数据!$O$67:$O$72,基础数据!$K$67:$K$72,"建议桥架敷设",1,1),$R$2="套接扣压式薄壁钢导管（KBG）",_xlfn.XLOOKUP(X24*Y24/$N$3,基础数据!$O$106:$O$110,基础数据!$K$106:$K$110,"建议桥架敷设",1,1)) -> -
B25: =长飞!A17 -> 62~72芯室外光缆 | C25: =长飞!B17 -> 9.6 | D25: =(C25/2)^2*PI() -> 72.382295 | F25: =_xlfn.IFS(E25=0,"-",E25=1,_xlfn.IFS($R$2="低压流体输送用焊接钢管（SC）",_xlfn.XLOOKUP(C25/$N$2,基础数据!$N$4:$N$15,基础数据!$K$4:$K$15,"建议桥架敷设",1,1),$R$2="套接紧定式钢管（JDG）",_xlfn.XLOOKUP(C25/$N$2,基础数据!$N$16:$N$21,基础数据!$K$16:$K$21,"建议桥架敷设",1,1),$R$2="聚氯乙烯硬质电线管（PC）",_xlfn.XLOOKUP(C25/$N$2,基础数据!$N$22:$N$27,基础数据!$K$22:$K$27,"建议桥架敷设",1,1),$R$2="聚氯乙烯半硬质电线管（FPC）",_xlfn.XLOOKUP(C25/$N$2,基础数据!$N$28:$N$33,基础数据!$K$28:$K$33,"建议桥架敷设",1,1),$R$2="聚氯乙烯（PVC-U）",_xlfn.XLOOKUP(C25/$N$2,基础数据!$N$37:$N$46,基础数据!$K$37:$K$46,"建议桥架敷设",1,1),$R$2="聚乙烯（PE）",_xlfn.XLOOKUP(C25/$N$2,基础数据!$N$51:$N$62,基础数据!$K$51:$K$62,"建议桥架敷设",1,1),$R$2="双壁波纹管",_xlfn.XLOOKUP(C25/$N$2,基础数据!$N$67:$N$72,基础数据!$K$67:$K$72,"建议桥架敷设",1,1),$R$2="套接扣压式薄壁钢导管（KBG）",_xlfn.XLOOKUP(C25/$N$2,基础数据!$N$106:$N$110,基础数据!$K$106:$K$110,"建议桥架敷设",1,1)),$R$2="低压流体输送用焊接钢管（SC）",_xlfn.XLOOKUP(D25*E25/$N$3,基础数据!$O$4:$O$15,基础数据!$K$4:$K$15,"建议桥架敷设",1,1),$R$2="套接紧定式钢管（JDG）",_xlfn.XLOOKUP(D25*E25/$N$3,基础数据!$O$16:$O$21,基础数据!$K$16:$K$21,"建议桥架敷设",1,1),$R$2="聚氯乙烯硬质电线管（PC）",_xlfn.XLOOKUP(D25*E25/$N$3,基础数据!$O$22:$O$27,基础数据!$K$22:$K$27,"建议桥架敷设",1,1),$R$2="聚氯乙烯半硬质电线管（FPC）",_xlfn.XLOOKUP(D25*E25/$N$3,基础数据!$O$28:$O$33,基础数据!$K$28:$K$33,"建议桥架敷设",1,1),$R$2="聚氯乙烯（PVC-U）",_xlfn.XLOOKUP(D25*E25/$N$3,基础数据!$O$37:$O$46,基础数据!$K$37:$K$46,"建议桥架敷设",1,1),$R$2="聚乙烯（PE）",_xlfn.XLOOKUP(D25*E25/$N$3,基础数据!$O$51:$O$62,基础数据!$K$51:$K$62,"建议桥架敷设",1,1),$R$2="双壁波纹管",_xlfn.XLOOKUP(D25*E25/$N$3,基础数据!$O$67:$O$72,基础数据!$K$67:$K$72,"建议桥架敷设",1,1),$R$2="套接扣压式薄壁钢导管（KBG）",_xlfn.XLOOKUP(D25*E25/$N$3,基础数据!$O$106:$O$110,基础数据!$K$106:$K$110,"建议桥架敷设",1,1)) -> - | G25: =天诚!B75 -> HBYV-1*2*0.5 | H25: 2.77 | I25: =天诚!D75 -> 5.1799 | K25: =_xlfn.IFS(J25=0,"-",$R$2="低压流体输送用焊接钢管（SC）",_xlfn.XLOOKUP(I25*J25/$N$3,基础数据!$O$4:$O$15,基础数据!$K$4:$K$15,"建议桥架敷设",1,1),$R$2="套接紧定式钢管（JDG）",_xlfn.XLOOKUP(I25*J25/$N$3,基础数据!$O$16:$O$21,基础数据!$K$16:$K$21,"建议桥架敷设",1,1),$R$2="聚氯乙烯硬质电线管（PC）",_xlfn.XLOOKUP(I25*J25/$N$3,基础数据!$O$22:$O$27,基础数据!$K$22:$K$27,"建议桥架敷设",1,1),$R$2="聚氯乙烯半硬质电线管（FPC）",_xlfn.XLOOKUP(I25*J25/$N$3,基础数据!$O$28:$O$33,基础数据!$K$28:$K$33,"建议桥架敷设",1,1),$R$2="聚氯乙烯（PVC-U）",_xlfn.XLOOKUP(I25*J25/$N$3,基础数据!$O$37:$O$46,基础数据!$K$37:$K$46,"建议桥架敷设",1,1),$R$2="聚乙烯（PE）",_xlfn.XLOOKUP(I25*J25/$N$3,基础数据!$O$51:$O$62,基础数据!$K$51:$K$62,"建议桥架敷设",1,1),$R$2="双壁波纹管",_xlfn.XLOOKUP(I25*J25/$N$3,基础数据!$O$67:$O$72,基础数据!$K$67:$K$72,"建议桥架敷设",1,1),$R$2="套接扣压式薄壁钢导管（KBG）",_xlfn.XLOOKUP(I25*J25/$N$3,基础数据!$O$106:$O$110,基础数据!$K$106:$K$110,"建议桥架敷设",1,1)) -> - | L25: =飞鹤!A56 -> RVV-8*0.75 | M25: =飞鹤!B56 -> 10.6 | N25: =(M25/2)^2*PI() -> 88.247338 | P25: =_xlfn.IFS(O25=0,"-",$R$2="低压流体输送用焊接钢管（SC）",_xlfn.XLOOKUP(N25*O25/$N$3,基础数据!$O$4:$O$15,基础数据!$K$4:$K$15,"建议桥架敷设",1,1),$R$2="套接紧定式钢管（JDG）",_xlfn.XLOOKUP(N25*O25/$N$3,基础数据!$O$16:$O$21,基础数据!$K$16:$K$21,"建议桥架敷设",1,1),$R$2="聚氯乙烯硬质电线管（PC）",_xlfn.XLOOKUP(N25*O25/$N$3,基础数据!$O$22:$O$27,基础数据!$K$22:$K$27,"建议桥架敷设",1,1),$R$2="聚氯乙烯半硬质电线管（FPC）",_xlfn.XLOOKUP(N25*O25/$N$3,基础数据!$O$28:$O$33,基础数据!$K$28:$K$33,"建议桥架敷设",1,1),$R$2="聚氯乙烯（PVC-U）",_xlfn.XLOOKUP(N25*O25/$N$3,基础数据!$O$37:$O$46,基础数据!$K$37:$K$46,"建议桥架敷设",1,1),$R$2="聚乙烯（PE）",_xlfn.XLOOKUP(N25*O25/$N$3,基础数据!$O$51:$O$62,基础数据!$K$51:$K$62,"建议桥架敷设",1,1),$R$2="双壁波纹管",_xlfn.XLOOKUP(N25*O25/$N$3,基础数据!$O$67:$O$72,基础数据!$K$67:$K$72,"建议桥架敷设",1,1),$R$2="套接扣压式薄壁钢导管（KBG）",_xlfn.XLOOKUP(N25*O25/$N$3,基础数据!$O$106:$O$110,基础数据!$K$106:$K$110,"建议桥架敷设",1,1)) -> - | Q25: =飞鹤!A131 -> RVVP-8*0.75 | R25: =飞鹤!B131 -> 11.8 | S25: =(R25/2)^2*PI() -> 109.35884 | U25: =_xlfn.IFS(T25=0,"-",$R$2="低压流体输送用焊接钢管（SC）",_xlfn.XLOOKUP(S25*T25/$N$3,基础数据!$O$4:$O$15,基础数据!$K$4:$K$15,"建议桥架敷设",1,1),$R$2="套接紧定式钢管（JDG）",_xlfn.XLOOKUP(S25*T25/$N$3,基础数据!$O$16:$O$21,基础数据!$K$16:$K$21,"建议桥架敷设",1,1),$R$2="聚氯乙烯硬质电线管（PC）",_xlfn.XLOOKUP(S25*T25/$N$3,基础数据!$O$22:$O$27,基础数据!$K$22:$K$27,"建议桥架敷设",1,1),$R$2="聚氯乙烯半硬质电线管（FPC）",_xlfn.XLOOKUP(S25*T25/$N$3,基础数据!$O$28:$O$33,基础数据!$K$28:$K$33,"建议桥架敷设",1,1),$R$2="聚氯乙烯（PVC-U）",_xlfn.XLOOKUP(S25*T25/$N$3,基础数据!$O$37:$O$46,基础数据!$K$37:$K$46,"建议桥架敷设",1,1),$R$2="聚乙烯（PE）",_xlfn.XLOOKUP(S25*T25/$N$3,基础数据!$O$51:$O$62,基础数据!$K$51:$K$62,"建议桥架敷设",1,1),$R$2="双壁波纹管",_xlfn.XLOOKUP(S25*T25/$N$3,基础数据!$O$67:$O$72,基础数据!$K$67:$K$72,"建议桥架敷设",1,1),$R$2="套接扣压式薄壁钢导管（KBG）",_xlfn.XLOOKUP(S25*T25/$N$3,基础数据!$O$106:$O$110,基础数据!$K$106:$K$110,"建议桥架敷设",1,1)) -> - | V25: 同轴线缆 | W25: 外径 | X25: 截面积 | Y25: 根数 | Z25: 建议管径
B26: =长飞!A18 -> 74~96芯室外光缆 | C26: =长飞!B18 -> 11 | D26: =(C26/2)^2*PI() -> 95.033178 | F26: =_xlfn.IFS(E26=0,"-",E26=1,_xlfn.IFS($R$2="低压流体输送用焊接钢管（SC）",_xlfn.XLOOKUP(C26/$N$2,基础数据!$N$4:$N$15,基础数据!$K$4:$K$15,"建议桥架敷设",1,1),$R$2="套接紧定式钢管（JDG）",_xlfn.XLOOKUP(C26/$N$2,基础数据!$N$16:$N$21,基础数据!$K$16:$K$21,"建议桥架敷设",1,1),$R$2="聚氯乙烯硬质电线管（PC）",_xlfn.XLOOKUP(C26/$N$2,基础数据!$N$22:$N$27,基础数据!$K$22:$K$27,"建议桥架敷设",1,1),$R$2="聚氯乙烯半硬质电线管（FPC）",_xlfn.XLOOKUP(C26/$N$2,基础数据!$N$28:$N$33,基础数据!$K$28:$K$33,"建议桥架敷设",1,1),$R$2="聚氯乙烯（PVC-U）",_xlfn.XLOOKUP(C26/$N$2,基础数据!$N$37:$N$46,基础数据!$K$37:$K$46,"建议桥架敷设",1,1),$R$2="聚乙烯（PE）",_xlfn.XLOOKUP(C26/$N$2,基础数据!$N$51:$N$62,基础数据!$K$51:$K$62,"建议桥架敷设",1,1),$R$2="双壁波纹管",_xlfn.XLOOKUP(C26/$N$2,基础数据!$N$67:$N$72,基础数据!$K$67:$K$72,"建议桥架敷设",1,1),$R$2="套接扣压式薄壁钢导管（KBG）",_xlfn.XLOOKUP(C26/$N$2,基础数据!$N$106:$N$110,基础数据!$K$106:$K$110,"建议桥架敷设",1,1)),$R$2="低压流体输送用焊接钢管（SC）",_xlfn.XLOOKUP(D26*E26/$N$3,基础数据!$O$4:$O$15,基础数据!$K$4:$K$15,"建议桥架敷设",1,1),$R$2="套接紧定式钢管（JDG）",_xlfn.XLOOKUP(D26*E26/$N$3,基础数据!$O$16:$O$21,基础数据!$K$16:$K$21,"建议桥架敷设",1,1),$R$2="聚氯乙烯硬质电线管（PC）",_xlfn.XLOOKUP(D26*E26/$N$3,基础数据!$O$22:$O$27,基础数据!$K$22:$K$27,"建议桥架敷设",1,1),$R$2="聚氯乙烯半硬质电线管（FPC）",_xlfn.XLOOKUP(D26*E26/$N$3,基础数据!$O$28:$O$33,基础数据!$K$28:$K$33,"建议桥架敷设",1,1),$R$2="聚氯乙烯（PVC-U）",_xlfn.XLOOKUP(D26*E26/$N$3,基础数据!$O$37:$O$46,基础数据!$K$37:$K$46,"建议桥架敷设",1,1),$R$2="聚乙烯（PE）",_xlfn.XLOOKUP(D26*E26/$N$3,基础数据!$O$51:$O$62,基础数据!$K$51:$K$62,"建议桥架敷设",1,1),$R$2="双壁波纹管",_xlfn.XLOOKUP(D26*E26/$N$3,基础数据!$O$67:$O$72,基础数据!$K$67:$K$72,"建议桥架敷设",1,1),$R$2="套接扣压式薄壁钢导管（KBG）",_xlfn.XLOOKUP(D26*E26/$N$3,基础数据!$O$106:$O$110,基础数据!$K$106:$K$110,"建议桥架敷设",1,1)) -> - | G26: =天诚!B76 -> HBYV-2*2*0.4 | H26: 4.2 | I26: =天诚!D76 -> 12.81 | K26: =_xlfn.IFS(J26=0,"-",$R$2="低压流体输送用焊接钢管（SC）",_xlfn.XLOOKUP(I26*J26/$N$3,基础数据!$O$4:$O$15,基础数据!$K$4:$K$15,"建议桥架敷设",1,1),$R$2="套接紧定式钢管（JDG）",_xlfn.XLOOKUP(I26*J26/$N$3,基础数据!$O$16:$O$21,基础数据!$K$16:$K$21,"建议桥架敷设",1,1),$R$2="聚氯乙烯硬质电线管（PC）",_xlfn.XLOOKUP(I26*J26/$N$3,基础数据!$O$22:$O$27,基础数据!$K$22:$K$27,"建议桥架敷设",1,1),$R$2="聚氯乙烯半硬质电线管（FPC）",_xlfn.XLOOKUP(I26*J26/$N$3,基础数据!$O$28:$O$33,基础数据!$K$28:$K$33,"建议桥架敷设",1,1),$R$2="聚氯乙烯（PVC-U）",_xlfn.XLOOKUP(I26*J26/$N$3,基础数据!$O$37:$O$46,基础数据!$K$37:$K$46,"建议桥架敷设",1,1),$R$2="聚乙烯（PE）",_xlfn.XLOOKUP(I26*J26/$N$3,基础数据!$O$51:$O$62,基础数据!$K$51:$K$62,"建议桥架敷设",1,1),$R$2="双壁波纹管",_xlfn.XLOOKUP(I26*J26/$N$3,基础数据!$O$67:$O$72,基础数据!$K$67:$K$72,"建议桥架敷设",1,1),$R$2="套接扣压式薄壁钢导管（KBG）",_xlfn.XLOOKUP(I26*J26/$N$3,基础数据!$O$106:$O$110,基础数据!$K$106:$K$110,"建议桥架敷设",1,1)) -> - | L26: =飞鹤!A57 -> RVV-8*1.0 | M26: =飞鹤!B57 -> 13.2 | N26: =(M26/2)^2*PI() -> 136.84778 | P26: =_xlfn.IFS(O26=0,"-",$R$2="低压流体输送用焊接钢管（SC）",_xlfn.XLOOKUP(N26*O26/$N$3,基础数据!$O$4:$O$15,基础数据!$K$4:$K$15,"建议桥架敷设",1,1),$R$2="套接紧定式钢管（JDG）",_xlfn.XLOOKUP(N26*O26/$N$3,基础数据!$O$16:$O$21,基础数据!$K$16:$K$21,"建议桥架敷设",1,1),$R$2="聚氯乙烯硬质电线管（PC）",_xlfn.XLOOKUP(N26*O26/$N$3,基础数据!$O$22:$O$27,基础数据!$K$22:$K$27,"建议桥架敷设",1,1),$R$2="聚氯乙烯半硬质电线管（FPC）",_xlfn.XLOOKUP(N26*O26/$N$3,基础数据!$O$28:$O$33,基础数据!$K$28:$K$33,"建议桥架敷设",1,1),$R$2="聚氯乙烯（PVC-U）",_xlfn.XLOOKUP(N26*O26/$N$3,基础数据!$O$37:$O$46,基础数据!$K$37:$K$46,"建议桥架敷设",1,1),$R$2="聚乙烯（PE）",_xlfn.XLOOKUP(N26*O26/$N$3,基础数据!$O$51:$O$62,基础数据!$K$51:$K$62,"建议桥架敷设",1,1),$R$2="双壁波纹管",_xlfn.XLOOKUP(N26*O26/$N$3,基础数据!$O$67:$O$72,基础数据!$K$67:$K$72,"建议桥架敷设",1,1),$R$2="套接扣压式薄壁钢导管（KBG）",_xlfn.XLOOKUP(N26*O26/$N$3,基础数据!$O$106:$O$110,基础数据!$K$106:$K$110,"建议桥架敷设",1,1)) -> - | Q26: =飞鹤!A132 -> RVVP-8*1.0 | R26: =飞鹤!B132 -> 13.7 | S26: =(R26/2)^2*PI() -> 147.41138 | U26: =_xlfn.IFS(T26=0,"-",$R$2="低压流体输送用焊接钢管（SC）",_xlfn.XLOOKUP(S26*T26/$N$3,基础数据!$O$4:$O$15,基础数据!$K$4:$K$15,"建议桥架敷设",1,1),$R$2="套接紧定式钢管（JDG）",_xlfn.XLOOKUP(S26*T26/$N$3,基础数据!$O$16:$O$21,基础数据!$K$16:$K$21,"建议桥架敷设",1,1),$R$2="聚氯乙烯硬质电线管（PC）",_xlfn.XLOOKUP(S26*T26/$N$3,基础数据!$O$22:$O$27,基础数据!$K$22:$K$27,"建议桥架敷设",1,1),$R$2="聚氯乙烯半硬质电线管（FPC）",_xlfn.XLOOKUP(S26*T26/$N$3,基础数据!$O$28:$O$33,基础数据!$K$28:$K$33,"建议桥架敷设",1,1),$R$2="聚氯乙烯（PVC-U）",_xlfn.XLOOKUP(S26*T26/$N$3,基础数据!$O$37:$O$46,基础数据!$K$37:$K$46,"建议桥架敷设",1,1),$R$2="聚乙烯（PE）",_xlfn.XLOOKUP(S26*T26/$N$3,基础数据!$O$51:$O$62,基础数据!$K$51:$K$62,"建议桥架敷设",1,1),$R$2="双壁波纹管",_xlfn.XLOOKUP(S26*T26/$N$3,基础数据!$O$67:$O$72,基础数据!$K$67:$K$72,"建议桥架敷设",1,1),$R$2="套接扣压式薄壁钢导管（KBG）",_xlfn.XLOOKUP(S26*T26/$N$3,基础数据!$O$106:$O$110,基础数据!$K$106:$K$110,"建议桥架敷设",1,1)) -> - | V26: =基础数据!A3 -> SYV-75-5 | W26: =基础数据!B3 -> 7.5 | X26: =(W26/2)^2*PI() -> 44.178647 | Z26: =_xlfn.IFS(Y26=0,"-",$R$2="低压流体输送用焊接钢管（SC）",_xlfn.XLOOKUP(X26*Y26/$N$3,基础数据!$O$4:$O$15,基础数据!$K$4:$K$15,"建议桥架敷设",1,1),$R$2="套接紧定式钢管（JDG）",_xlfn.XLOOKUP(X26*Y26/$N$3,基础数据!$O$16:$O$21,基础数据!$K$16:$K$21,"建议桥架敷设",1,1),$R$2="聚氯乙烯硬质电线管（PC）",_xlfn.XLOOKUP(X26*Y26/$N$3,基础数据!$O$22:$O$27,基础数据!$K$22:$K$27,"建议桥架敷设",1,1),$R$2="聚氯乙烯半硬质电线管（FPC）",_xlfn.XLOOKUP(X26*Y26/$N$3,基础数据!$O$28:$O$33,基础数据!$K$28:$K$33,"建议桥架敷设",1,1),$R$2="聚氯乙烯（PVC-U）",_xlfn.XLOOKUP(X26*Y26/$N$3,基础数据!$O$37:$O$46,基础数据!$K$37:$K$46,"建议桥架敷设",1,1),$R$2="聚乙烯（PE）",_xlfn.XLOOKUP(X26*Y26/$N$3,基础数据!$O$51:$O$62,基础数据!$K$51:$K$62,"建议桥架敷设",1,1),$R$2="双壁波纹管",_xlfn.XLOOKUP(X26*Y26/$N$3,基础数据!$O$67:$O$72,基础数据!$K$67:$K$72,"建议桥架敷设",1,1),$R$2="套接扣压式薄壁钢导管（KBG）",_xlfn.XLOOKUP(X26*Y26/$N$3,基础数据!$O$106:$O$110,基础数据!$K$106:$K$110,"建议桥架敷设",1,1)) -> -
B27: =长飞!A19 -> 98~120芯室外光缆 | C27: =长飞!B19 -> 12 | D27: =(C27/2)^2*PI() -> 113.09734 | F27: =_xlfn.IFS(E27=0,"-",E27=1,_xlfn.IFS($R$2="低压流体输送用焊接钢管（SC）",_xlfn.XLOOKUP(C27/$N$2,基础数据!$N$4:$N$15,基础数据!$K$4:$K$15,"建议桥架敷设",1,1),$R$2="套接紧定式钢管（JDG）",_xlfn.XLOOKUP(C27/$N$2,基础数据!$N$16:$N$21,基础数据!$K$16:$K$21,"建议桥架敷设",1,1),$R$2="聚氯乙烯硬质电线管（PC）",_xlfn.XLOOKUP(C27/$N$2,基础数据!$N$22:$N$27,基础数据!$K$22:$K$27,"建议桥架敷设",1,1),$R$2="聚氯乙烯半硬质电线管（FPC）",_xlfn.XLOOKUP(C27/$N$2,基础数据!$N$28:$N$33,基础数据!$K$28:$K$33,"建议桥架敷设",1,1),$R$2="聚氯乙烯（PVC-U）",_xlfn.XLOOKUP(C27/$N$2,基础数据!$N$37:$N$46,基础数据!$K$37:$K$46,"建议桥架敷设",1,1),$R$2="聚乙烯（PE）",_xlfn.XLOOKUP(C27/$N$2,基础数据!$N$51:$N$62,基础数据!$K$51:$K$62,"建议桥架敷设",1,1),$R$2="双壁波纹管",_xlfn.XLOOKUP(C27/$N$2,基础数据!$N$67:$N$72,基础数据!$K$67:$K$72,"建议桥架敷设",1,1),$R$2="套接扣压式薄壁钢导管（KBG）",_xlfn.XLOOKUP(C27/$N$2,基础数据!$N$106:$N$110,基础数据!$K$106:$K$110,"建议桥架敷设",1,1)),$R$2="低压流体输送用焊接钢管（SC）",_xlfn.XLOOKUP(D27*E27/$N$3,基础数据!$O$4:$O$15,基础数据!$K$4:$K$15,"建议桥架敷设",1,1),$R$2="套接紧定式钢管（JDG）",_xlfn.XLOOKUP(D27*E27/$N$3,基础数据!$O$16:$O$21,基础数据!$K$16:$K$21,"建议桥架敷设",1,1),$R$2="聚氯乙烯硬质电线管（PC）",_xlfn.XLOOKUP(D27*E27/$N$3,基础数据!$O$22:$O$27,基础数据!$K$22:$K$27,"建议桥架敷设",1,1),$R$2="聚氯乙烯半硬质电线管（FPC）",_xlfn.XLOOKUP(D27*E27/$N$3,基础数据!$O$28:$O$33,基础数据!$K$28:$K$33,"建议桥架敷设",1,1),$R$2="聚氯乙烯（PVC-U）",_xlfn.XLOOKUP(D27*E27/$N$3,基础数据!$O$37:$O$46,基础数据!$K$37:$K$46,"建议桥架敷设",1,1),$R$2="聚乙烯（PE）",_xlfn.XLOOKUP(D27*E27/$N$3,基础数据!$O$51:$O$62,基础数据!$K$51:$K$62,"建议桥架敷设",1,1),$R$2="双壁波纹管",_xlfn.XLOOKUP(D27*E27/$N$3,基础数据!$O$67:$O$72,基础数据!$K$67:$K$72,"建议桥架敷设",1,1),$R$2="套接扣压式薄壁钢导管（KBG）",_xlfn.XLOOKUP(D27*E27/$N$3,基础数据!$O$106:$O$110,基础数据!$K$106:$K$110,"建议桥架敷设",1,1)) -> - | G27: =天诚!B77 -> HBYV-2*2*0.5 | H27: 4.7 | I27: =天诚!D77 -> 14.335 | K27: =_xlfn.IFS(J27=0,"-",$R$2="低压流体输送用焊接钢管（SC）",_xlfn.XLOOKUP(I27*J27/$N$3,基础数据!$O$4:$O$15,基础数据!$K$4:$K$15,"建议桥架敷设",1,1),$R$2="套接紧定式钢管（JDG）",_xlfn.XLOOKUP(I27*J27/$N$3,基础数据!$O$16:$O$21,基础数据!$K$16:$K$21,"建议桥架敷设",1,1),$R$2="聚氯乙烯硬质电线管（PC）",_xlfn.XLOOKUP(I27*J27/$N$3,基础数据!$O$22:$O$27,基础数据!$K$22:$K$27,"建议桥架敷设",1,1),$R$2="聚氯乙烯半硬质电线管（FPC）",_xlfn.XLOOKUP(I27*J27/$N$3,基础数据!$O$28:$O$33,基础数据!$K$28:$K$33,"建议桥架敷设",1,1),$R$2="聚氯乙烯（PVC-U）",_xlfn.XLOOKUP(I27*J27/$N$3,基础数据!$O$37:$O$46,基础数据!$K$37:$K$46,"建议桥架敷设",1,1),$R$2="聚乙烯（PE）",_xlfn.XLOOKUP(I27*J27/$N$3,基础数据!$O$51:$O$62,基础数据!$K$51:$K$62,"建议桥架敷设",1,1),$R$2="双壁波纹管",_xlfn.XLOOKUP(I27*J27/$N$3,基础数据!$O$67:$O$72,基础数据!$K$67:$K$72,"建议桥架敷设",1,1),$R$2="套接扣压式薄壁钢导管（KBG）",_xlfn.XLOOKUP(I27*J27/$N$3,基础数据!$O$106:$O$110,基础数据!$K$106:$K$110,"建议桥架敷设",1,1)) -> - | L27: =飞鹤!A58 -> RVV-8*1.5 | M27: =飞鹤!B58 -> 14.2 | N27: =(M27/2)^2*PI() -> 158.36769 | P27: =_xlfn.IFS(O27=0,"-",$R$2="低压流体输送用焊接钢管（SC）",_xlfn.XLOOKUP(N27*O27/$N$3,基础数据!$O$4:$O$15,基础数据!$K$4:$K$15,"建议桥架敷设",1,1),$R$2="套接紧定式钢管（JDG）",_xlfn.XLOOKUP(N27*O27/$N$3,基础数据!$O$16:$O$21,基础数据!$K$16:$K$21,"建议桥架敷设",1,1),$R$2="聚氯乙烯硬质电线管（PC）",_xlfn.XLOOKUP(N27*O27/$N$3,基础数据!$O$22:$O$27,基础数据!$K$22:$K$27,"建议桥架敷设",1,1),$R$2="聚氯乙烯半硬质电线管（FPC）",_xlfn.XLOOKUP(N27*O27/$N$3,基础数据!$O$28:$O$33,基础数据!$K$28:$K$33,"建议桥架敷设",1,1),$R$2="聚氯乙烯（PVC-U）",_xlfn.XLOOKUP(N27*O27/$N$3,基础数据!$O$37:$O$46,基础数据!$K$37:$K$46,"建议桥架敷设",1,1),$R$2="聚乙烯（PE）",_xlfn.XLOOKUP(N27*O27/$N$3,基础数据!$O$51:$O$62,基础数据!$K$51:$K$62,"建议桥架敷设",1,1),$R$2="双壁波纹管",_xlfn.XLOOKUP(N27*O27/$N$3,基础数据!$O$67:$O$72,基础数据!$K$67:$K$72,"建议桥架敷设",1,1),$R$2="套接扣压式薄壁钢导管（KBG）",_xlfn.XLOOKUP(N27*O27/$N$3,基础数据!$O$106:$O$110,基础数据!$K$106:$K$110,"建议桥架敷设",1,1)) -> - | Q27: =飞鹤!A133 -> RVVP-8*1.5 | R27: =飞鹤!B133 -> 15 | S27: =(R27/2)^2*PI() -> 176.71459 | U27: =_xlfn.IFS(T27=0,"-",$R$2="低压流体输送用焊接钢管（SC）",_xlfn.XLOOKUP(S27*T27/$N$3,基础数据!$O$4:$O$15,基础数据!$K$4:$K$15,"建议桥架敷设",1,1),$R$2="套接紧定式钢管（JDG）",_xlfn.XLOOKUP(S27*T27/$N$3,基础数据!$O$16:$O$21,基础数据!$K$16:$K$21,"建议桥架敷设",1,1),$R$2="聚氯乙烯硬质电线管（PC）",_xlfn.XLOOKUP(S27*T27/$N$3,基础数据!$O$22:$O$27,基础数据!$K$22:$K$27,"建议桥架敷设",1,1),$R$2="聚氯乙烯半硬质电线管（FPC）",_xlfn.XLOOKUP(S27*T27/$N$3,基础数据!$O$28:$O$33,基础数据!$K$28:$K$33,"建议桥架敷设",1,1),$R$2="聚氯乙烯（PVC-U）",_xlfn.XLOOKUP(S27*T27/$N$3,基础数据!$O$37:$O$46,基础数据!$K$37:$K$46,"建议桥架敷设",1,1),$R$2="聚乙烯（PE）",_xlfn.XLOOKUP(S27*T27/$N$3,基础数据!$O$51:$O$62,基础数据!$K$51:$K$62,"建议桥架敷设",1,1),$R$2="双壁波纹管",_xlfn.XLOOKUP(S27*T27/$N$3,基础数据!$O$67:$O$72,基础数据!$K$67:$K$72,"建议桥架敷设",1,1),$R$2="套接扣压式薄壁钢导管（KBG）",_xlfn.XLOOKUP(S27*T27/$N$3,基础数据!$O$106:$O$110,基础数据!$K$106:$K$110,"建议桥架敷设",1,1)) -> - | V27: =基础数据!A4 -> SYV-75-7 | W27: =基础数据!B4 -> 11.6 | X27: =(W27/2)^2*PI() -> 105.68318 | Z27: =_xlfn.IFS(Y27=0,"-",$R$2="低压流体输送用焊接钢管（SC）",_xlfn.XLOOKUP(X27*Y27/$N$3,基础数据!$O$4:$O$15,基础数据!$K$4:$K$15,"建议桥架敷设",1,1),$R$2="套接紧定式钢管（JDG）",_xlfn.XLOOKUP(X27*Y27/$N$3,基础数据!$O$16:$O$21,基础数据!$K$16:$K$21,"建议桥架敷设",1,1),$R$2="聚氯乙烯硬质电线管（PC）",_xlfn.XLOOKUP(X27*Y27/$N$3,基础数据!$O$22:$O$27,基础数据!$K$22:$K$27,"建议桥架敷设",1,1),$R$2="聚氯乙烯半硬质电线管（FPC）",_xlfn.XLOOKUP(X27*Y27/$N$3,基础数据!$O$28:$O$33,基础数据!$K$28:$K$33,"建议桥架敷设",1,1),$R$2="聚氯乙烯（PVC-U）",_xlfn.XLOOKUP(X27*Y27/$N$3,基础数据!$O$37:$O$46,基础数据!$K$37:$K$46,"建议桥架敷设",1,1),$R$2="聚乙烯（PE）",_xlfn.XLOOKUP(X27*Y27/$N$3,基础数据!$O$51:$O$62,基础数据!$K$51:$K$62,"建议桥架敷设",1,1),$R$2="双壁波纹管",_xlfn.XLOOKUP(X27*Y27/$N$3,基础数据!$O$67:$O$72,基础数据!$K$67:$K$72,"建议桥架敷设",1,1),$R$2="套接扣压式薄壁钢导管（KBG）",_xlfn.XLOOKUP(X27*Y27/$N$3,基础数据!$O$106:$O$110,基础数据!$K$106:$K$110,"建议桥架敷设",1,1)) -> -
B28: =长飞!A20 -> 122~144芯室外光缆 | C28: =长飞!B20 -> 13.2 | D28: =(C28/2)^2*PI() -> 136.84778 | F28: =_xlfn.IFS(E28=0,"-",E28=1,_xlfn.IFS($R$2="低压流体输送用焊接钢管（SC）",_xlfn.XLOOKUP(C28/$N$2,基础数据!$N$4:$N$15,基础数据!$K$4:$K$15,"建议桥架敷设",1,1),$R$2="套接紧定式钢管（JDG）",_xlfn.XLOOKUP(C28/$N$2,基础数据!$N$16:$N$21,基础数据!$K$16:$K$21,"建议桥架敷设",1,1),$R$2="聚氯乙烯硬质电线管（PC）",_xlfn.XLOOKUP(C28/$N$2,基础数据!$N$22:$N$27,基础数据!$K$22:$K$27,"建议桥架敷设",1,1),$R$2="聚氯乙烯半硬质电线管（FPC）",_xlfn.XLOOKUP(C28/$N$2,基础数据!$N$28:$N$33,基础数据!$K$28:$K$33,"建议桥架敷设",1,1),$R$2="聚氯乙烯（PVC-U）",_xlfn.XLOOKUP(C28/$N$2,基础数据!$N$37:$N$46,基础数据!$K$37:$K$46,"建议桥架敷设",1,1),$R$2="聚乙烯（PE）",_xlfn.XLOOKUP(C28/$N$2,基础数据!$N$51:$N$62,基础数据!$K$51:$K$62,"建议桥架敷设",1,1),$R$2="双壁波纹管",_xlfn.XLOOKUP(C28/$N$2,基础数据!$N$67:$N$72,基础数据!$K$67:$K$72,"建议桥架敷设",1,1),$R$2="套接扣压式薄壁钢导管（KBG）",_xlfn.XLOOKUP(C28/$N$2,基础数据!$N$106:$N$110,基础数据!$K$106:$K$110,"建议桥架敷设",1,1)),$R$2="低压流体输送用焊接钢管（SC）",_xlfn.XLOOKUP(D28*E28/$N$3,基础数据!$O$4:$O$15,基础数据!$K$4:$K$15,"建议桥架敷设",1,1),$R$2="套接紧定式钢管（JDG）",_xlfn.XLOOKUP(D28*E28/$N$3,基础数据!$O$16:$O$21,基础数据!$K$16:$K$21,"建议桥架敷设",1,1),$R$2="聚氯乙烯硬质电线管（PC）",_xlfn.XLOOKUP(D28*E28/$N$3,基础数据!$O$22:$O$27,基础数据!$K$22:$K$27,"建议桥架敷设",1,1),$R$2="聚氯乙烯半硬质电线管（FPC）",_xlfn.XLOOKUP(D28*E28/$N$3,基础数据!$O$28:$O$33,基础数据!$K$28:$K$33,"建议桥架敷设",1,1),$R$2="聚氯乙烯（PVC-U）",_xlfn.XLOOKUP(D28*E28/$N$3,基础数据!$O$37:$O$46,基础数据!$K$37:$K$46,"建议桥架敷设",1,1),$R$2="聚乙烯（PE）",_xlfn.XLOOKUP(D28*E28/$N$3,基础数据!$O$51:$O$62,基础数据!$K$51:$K$62,"建议桥架敷设",1,1),$R$2="双壁波纹管",_xlfn.XLOOKUP(D28*E28/$N$3,基础数据!$O$67:$O$72,基础数据!$K$67:$K$72,"建议桥架敷设",1,1),$R$2="套接扣压式薄壁钢导管（KBG）",_xlfn.XLOOKUP(D28*E28/$N$3,基础数据!$O$106:$O$110,基础数据!$K$106:$K$110,"建议桥架敷设",1,1)) -> - | I28: =天诚!D78 -> 0 | K28: =_xlfn.IFS(J28=0,"-",$R$2="低压流体输送用焊接钢管（SC）",_xlfn.XLOOKUP(I28*J28/$N$3,基础数据!$O$4:$O$15,基础数据!$K$4:$K$15,"建议桥架敷设",1,1),$R$2="套接紧定式钢管（JDG）",_xlfn.XLOOKUP(I28*J28/$N$3,基础数据!$O$16:$O$21,基础数据!$K$16:$K$21,"建议桥架敷设",1,1),$R$2="聚氯乙烯硬质电线管（PC）",_xlfn.XLOOKUP(I28*J28/$N$3,基础数据!$O$22:$O$27,基础数据!$K$22:$K$27,"建议桥架敷设",1,1),$R$2="聚氯乙烯半硬质电线管（FPC）",_xlfn.XLOOKUP(I28*J28/$N$3,基础数据!$O$28:$O$33,基础数据!$K$28:$K$33,"建议桥架敷设",1,1),$R$2="聚氯乙烯（PVC-U）",_xlfn.XLOOKUP(I28*J28/$N$3,基础数据!$O$37:$O$46,基础数据!$K$37:$K$46,"建议桥架敷设",1,1),$R$2="聚乙烯（PE）",_xlfn.XLOOKUP(I28*J28/$N$3,基础数据!$O$51:$O$62,基础数据!$K$51:$K$62,"建议桥架敷设",1,1),$R$2="双壁波纹管",_xlfn.XLOOKUP(I28*J28/$N$3,基础数据!$O$67:$O$72,基础数据!$K$67:$K$72,"建议桥架敷设",1,1),$R$2="套接扣压式薄壁钢导管（KBG）",_xlfn.XLOOKUP(I28*J28/$N$3,基础数据!$O$106:$O$110,基础数据!$K$106:$K$110,"建议桥架敷设",1,1)) -> - | L28: =飞鹤!A59 -> RVV-8*2.5 | M28: =飞鹤!B59 -> 17.7 | N28: =(M28/2)^2*PI() -> 246.05739 | P28: =_xlfn.IFS(O28=0,"-",$R$2="低压流体输送用焊接钢管（SC）",_xlfn.XLOOKUP(N28*O28/$N$3,基础数据!$O$4:$O$15,基础数据!$K$4:$K$15,"建议桥架敷设",1,1),$R$2="套接紧定式钢管（JDG）",_xlfn.XLOOKUP(N28*O28/$N$3,基础数据!$O$16:$O$21,基础数据!$K$16:$K$21,"建议桥架敷设",1,1),$R$2="聚氯乙烯硬质电线管（PC）",_xlfn.XLOOKUP(N28*O28/$N$3,基础数据!$O$22:$O$27,基础数据!$K$22:$K$27,"建议桥架敷设",1,1),$R$2="聚氯乙烯半硬质电线管（FPC）",_xlfn.XLOOKUP(N28*O28/$N$3,基础数据!$O$28:$O$33,基础数据!$K$28:$K$33,"建议桥架敷设",1,1),$R$2="聚氯乙烯（PVC-U）",_xlfn.XLOOKUP(N28*O28/$N$3,基础数据!$O$37:$O$46,基础数据!$K$37:$K$46,"建议桥架敷设",1,1),$R$2="聚乙烯（PE）",_xlfn.XLOOKUP(N28*O28/$N$3,基础数据!$O$51:$O$62,基础数据!$K$51:$K$62,"建议桥架敷设",1,1),$R$2="双壁波纹管",_xlfn.XLOOKUP(N28*O28/$N$3,基础数据!$O$67:$O$72,基础数据!$K$67:$K$72,"建议桥架敷设",1,1),$R$2="套接扣压式薄壁钢导管（KBG）",_xlfn.XLOOKUP(N28*O28/$N$3,基础数据!$O$106:$O$110,基础数据!$K$106:$K$110,"建议桥架敷设",1,1)) -> - | Q28: =飞鹤!A134 -> RVVP-8*2.5 | R28: =飞鹤!B134 -> 18 | S28: =(R28/2)^2*PI() -> 254.469 | U28: =_xlfn.IFS(T28=0,"-",$R$2="低压流体输送用焊接钢管（SC）",_xlfn.XLOOKUP(S28*T28/$N$3,基础数据!$O$4:$O$15,基础数据!$K$4:$K$15,"建议桥架敷设",1,1),$R$2="套接紧定式钢管（JDG）",_xlfn.XLOOKUP(S28*T28/$N$3,基础数据!$O$16:$O$21,基础数据!$K$16:$K$21,"建议桥架敷设",1,1),$R$2="聚氯乙烯硬质电线管（PC）",_xlfn.XLOOKUP(S28*T28/$N$3,基础数据!$O$22:$O$27,基础数据!$K$22:$K$27,"建议桥架敷设",1,1),$R$2="聚氯乙烯半硬质电线管（FPC）",_xlfn.XLOOKUP(S28*T28/$N$3,基础数据!$O$28:$O$33,基础数据!$K$28:$K$33,"建议桥架敷设",1,1),$R$2="聚氯乙烯（PVC-U）",_xlfn.XLOOKUP(S28*T28/$N$3,基础数据!$O$37:$O$46,基础数据!$K$37:$K$46,"建议桥架敷设",1,1),$R$2="聚乙烯（PE）",_xlfn.XLOOKUP(S28*T28/$N$3,基础数据!$O$51:$O$62,基础数据!$K$51:$K$62,"建议桥架敷设",1,1),$R$2="双壁波纹管",_xlfn.XLOOKUP(S28*T28/$N$3,基础数据!$O$67:$O$72,基础数据!$K$67:$K$72,"建议桥架敷设",1,1),$R$2="套接扣压式薄壁钢导管（KBG）",_xlfn.XLOOKUP(S28*T28/$N$3,基础数据!$O$106:$O$110,基础数据!$K$106:$K$110,"建议桥架敷设",1,1)) -> - | V28: =基础数据!A5 -> SYV-75-9 | W28: =基础数据!B5 -> 12.6 | X28: =(W28/2)^2*PI() -> 124.68981 | Z28: =_xlfn.IFS(Y28=0,"-",$R$2="低压流体输送用焊接钢管（SC）",_xlfn.XLOOKUP(X28*Y28/$N$3,基础数据!$O$4:$O$15,基础数据!$K$4:$K$15,"建议桥架敷设",1,1),$R$2="套接紧定式钢管（JDG）",_xlfn.XLOOKUP(X28*Y28/$N$3,基础数据!$O$16:$O$21,基础数据!$K$16:$K$21,"建议桥架敷设",1,1),$R$2="聚氯乙烯硬质电线管（PC）",_xlfn.XLOOKUP(X28*Y28/$N$3,基础数据!$O$22:$O$27,基础数据!$K$22:$K$27,"建议桥架敷设",1,1),$R$2="聚氯乙烯半硬质电线管（FPC）",_xlfn.XLOOKUP(X28*Y28/$N$3,基础数据!$O$28:$O$33,基础数据!$K$28:$K$33,"建议桥架敷设",1,1),$R$2="聚氯乙烯（PVC-U）",_xlfn.XLOOKUP(X28*Y28/$N$3,基础数据!$O$37:$O$46,基础数据!$K$37:$K$46,"建议桥架敷设",1,1),$R$2="聚乙烯（PE）",_xlfn.XLOOKUP(X28*Y28/$N$3,基础数据!$O$51:$O$62,基础数据!$K$51:$K$62,"建议桥架敷设",1,1),$R$2="双壁波纹管",_xlfn.XLOOKUP(X28*Y28/$N$3,基础数据!$O$67:$O$72,基础数据!$K$67:$K$72,"建议桥架敷设",1,1),$R$2="套接扣压式薄壁钢导管（KBG）",_xlfn.XLOOKUP(X28*Y28/$N$3,基础数据!$O$106:$O$110,基础数据!$K$106:$K$110,"建议桥架敷设",1,1)) -> -
B29: =长飞!A21 -> 146~216芯室外光缆 | C29: =长飞!B21 -> 13.7 | D29: =(C29/2)^2*PI() -> 147.41138 | F29: =_xlfn.IFS(E29=0,"-",E29=1,_xlfn.IFS($R$2="低压流体输送用焊接钢管（SC）",_xlfn.XLOOKUP(C29/$N$2,基础数据!$N$4:$N$15,基础数据!$K$4:$K$15,"建议桥架敷设",1,1),$R$2="套接紧定式钢管（JDG）",_xlfn.XLOOKUP(C29/$N$2,基础数据!$N$16:$N$21,基础数据!$K$16:$K$21,"建议桥架敷设",1,1),$R$2="聚氯乙烯硬质电线管（PC）",_xlfn.XLOOKUP(C29/$N$2,基础数据!$N$22:$N$27,基础数据!$K$22:$K$27,"建议桥架敷设",1,1),$R$2="聚氯乙烯半硬质电线管（FPC）",_xlfn.XLOOKUP(C29/$N$2,基础数据!$N$28:$N$33,基础数据!$K$28:$K$33,"建议桥架敷设",1,1),$R$2="聚氯乙烯（PVC-U）",_xlfn.XLOOKUP(C29/$N$2,基础数据!$N$37:$N$46,基础数据!$K$37:$K$46,"建议桥架敷设",1,1),$R$2="聚乙烯（PE）",_xlfn.XLOOKUP(C29/$N$2,基础数据!$N$51:$N$62,基础数据!$K$51:$K$62,"建议桥架敷设",1,1),$R$2="双壁波纹管",_xlfn.XLOOKUP(C29/$N$2,基础数据!$N$67:$N$72,基础数据!$K$67:$K$72,"建议桥架敷设",1,1),$R$2="套接扣压式薄壁钢导管（KBG）",_xlfn.XLOOKUP(C29/$N$2,基础数据!$N$106:$N$110,基础数据!$K$106:$K$110,"建议桥架敷设",1,1)),$R$2="低压流体输送用焊接钢管（SC）",_xlfn.XLOOKUP(D29*E29/$N$3,基础数据!$O$4:$O$15,基础数据!$K$4:$K$15,"建议桥架敷设",1,1),$R$2="套接紧定式钢管（JDG）",_xlfn.XLOOKUP(D29*E29/$N$3,基础数据!$O$16:$O$21,基础数据!$K$16:$K$21,"建议桥架敷设",1,1),$R$2="聚氯乙烯硬质电线管（PC）",_xlfn.XLOOKUP(D29*E29/$N$3,基础数据!$O$22:$O$27,基础数据!$K$22:$K$27,"建议桥架敷设",1,1),$R$2="聚氯乙烯半硬质电线管（FPC）",_xlfn.XLOOKUP(D29*E29/$N$3,基础数据!$O$28:$O$33,基础数据!$K$28:$K$33,"建议桥架敷设",1,1),$R$2="聚氯乙烯（PVC-U）",_xlfn.XLOOKUP(D29*E29/$N$3,基础数据!$O$37:$O$46,基础数据!$K$37:$K$46,"建议桥架敷设",1,1),$R$2="聚乙烯（PE）",_xlfn.XLOOKUP(D29*E29/$N$3,基础数据!$O$51:$O$62,基础数据!$K$51:$K$62,"建议桥架敷设",1,1),$R$2="双壁波纹管",_xlfn.XLOOKUP(D29*E29/$N$3,基础数据!$O$67:$O$72,基础数据!$K$67:$K$72,"建议桥架敷设",1,1),$R$2="套接扣压式薄壁钢导管（KBG）",_xlfn.XLOOKUP(D29*E29/$N$3,基础数据!$O$106:$O$110,基础数据!$K$106:$K$110,"建议桥架敷设",1,1)) -> - | G29: =基础数据!A71 -> 3类25对大对数 | H29: =基础数据!B71 -> 11.6 | I29: =(H29/2)^2*PI() -> 105.68318 | K29: =_xlfn.IFS(J29=0,"-",J29=1,_xlfn.IFS($R$2="低压流体输送用焊接钢管（SC）",_xlfn.XLOOKUP(H29/$N$2,基础数据!$N$4:$N$15,基础数据!$K$4:$K$15,"建议桥架敷设",1,1),$R$2="套接紧定式钢管（JDG）",_xlfn.XLOOKUP(H29/$N$2,基础数据!$N$16:$N$21,基础数据!$K$16:$K$21,"建议桥架敷设",1,1),$R$2="聚氯乙烯硬质电线管（PC）",_xlfn.XLOOKUP(H29/$N$2,基础数据!$N$22:$N$27,基础数据!$K$22:$K$27,"建议桥架敷设",1,1),$R$2="聚氯乙烯半硬质电线管（FPC）",_xlfn.XLOOKUP(H29/$N$2,基础数据!$N$28:$N$33,基础数据!$K$28:$K$33,"建议桥架敷设",1,1),$R$2="聚氯乙烯（PVC-U）",_xlfn.XLOOKUP(H29/$N$2,基础数据!$N$37:$N$46,基础数据!$K$37:$K$46,"建议桥架敷设",1,1),$R$2="聚乙烯（PE）",_xlfn.XLOOKUP(H29/$N$2,基础数据!$N$51:$N$62,基础数据!$K$51:$K$62,"建议桥架敷设",1,1),$R$2="双壁波纹管",_xlfn.XLOOKUP(H29/$N$2,基础数据!$N$67:$N$72,基础数据!$K$67:$K$72,"建议桥架敷设",1,1),$R$2="套接扣压式薄壁钢导管（KBG）",_xlfn.XLOOKUP(H29/$N$2,基础数据!$N$106:$N$110,基础数据!$K$106:$K$110,"建议桥架敷设",1,1)),$R$2="低压流体输送用焊接钢管（SC）",_xlfn.XLOOKUP(I29*J29/$N$3,基础数据!$O$4:$O$15,基础数据!$K$4:$K$15,"建议桥架敷设",1,1),$R$2="套接紧定式钢管（JDG）",_xlfn.XLOOKUP(I29*J29/$N$3,基础数据!$O$16:$O$21,基础数据!$K$16:$K$21,"建议桥架敷设",1,1),$R$2="聚氯乙烯硬质电线管（PC）",_xlfn.XLOOKUP(I29*J29/$N$3,基础数据!$O$22:$O$27,基础数据!$K$22:$K$27,"建议桥架敷设",1,1),$R$2="聚氯乙烯半硬质电线管（FPC）",_xlfn.XLOOKUP(I29*J29/$N$3,基础数据!$O$28:$O$33,基础数据!$K$28:$K$33,"建议桥架敷设",1,1),$R$2="聚氯乙烯（PVC-U）",_xlfn.XLOOKUP(I29*J29/$N$3,基础数据!$O$37:$O$46,基础数据!$K$37:$K$46,"建议桥架敷设",1,1),$R$2="聚乙烯（PE）",_xlfn.XLOOKUP(I29*J29/$N$3,基础数据!$O$51:$O$62,基础数据!$K$51:$K$62,"建议桥架敷设",1,1),$R$2="双壁波纹管",_xlfn.XLOOKUP(I29*J29/$N$3,基础数据!$O$67:$O$72,基础数据!$K$67:$K$72,"建议桥架敷设",1,1),$R$2="套接扣压式薄壁钢导管（KBG）",_xlfn.XLOOKUP(I29*J29/$N$3,基础数据!$O$106:$O$110,基础数据!$K$106:$K$110,"建议桥架敷设",1,1)) -> - | N29: =(M29/2)^2*PI() -> 0 | P29: =_xlfn.IFS(O29=0,"-",$R$2="低压流体输送用焊接钢管（SC）",_xlfn.XLOOKUP(N29*O29/$N$3,基础数据!$O$4:$O$15,基础数据!$K$4:$K$15,"建议桥架敷设",1,1),$R$2="套接紧定式钢管（JDG）",_xlfn.XLOOKUP(N29*O29/$N$3,基础数据!$O$16:$O$21,基础数据!$K$16:$K$21,"建议桥架敷设",1,1),$R$2="聚氯乙烯硬质电线管（PC）",_xlfn.XLOOKUP(N29*O29/$N$3,基础数据!$O$22:$O$27,基础数据!$K$22:$K$27,"建议桥架敷设",1,1),$R$2="聚氯乙烯半硬质电线管（FPC）",_xlfn.XLOOKUP(N29*O29/$N$3,基础数据!$O$28:$O$33,基础数据!$K$28:$K$33,"建议桥架敷设",1,1),$R$2="聚氯乙烯（PVC-U）",_xlfn.XLOOKUP(N29*O29/$N$3,基础数据!$O$37:$O$46,基础数据!$K$37:$K$46,"建议桥架敷设",1,1),$R$2="聚乙烯（PE）",_xlfn.XLOOKUP(N29*O29/$N$3,基础数据!$O$51:$O$62,基础数据!$K$51:$K$62,"建议桥架敷设",1,1),$R$2="双壁波纹管",_xlfn.XLOOKUP(N29*O29/$N$3,基础数据!$O$67:$O$72,基础数据!$K$67:$K$72,"建议桥架敷设",1,1),$R$2="套接扣压式薄壁钢导管（KBG）",_xlfn.XLOOKUP(N29*O29/$N$3,基础数据!$O$106:$O$110,基础数据!$K$106:$K$110,"建议桥架敷设",1,1)) -> - | S29: =(R29/2)^2*PI() -> 0 | U29: =_xlfn.IFS(T29=0,"-",$R$2="低压流体输送用焊接钢管（SC）",_xlfn.XLOOKUP(S29*T29/$N$3,基础数据!$O$4:$O$15,基础数据!$K$4:$K$15,"建议桥架敷设",1,1),$R$2="套接紧定式钢管（JDG）",_xlfn.XLOOKUP(S29*T29/$N$3,基础数据!$O$16:$O$21,基础数据!$K$16:$K$21,"建议桥架敷设",1,1),$R$2="聚氯乙烯硬质电线管（PC）",_xlfn.XLOOKUP(S29*T29/$N$3,基础数据!$O$22:$O$27,基础数据!$K$22:$K$27,"建议桥架敷设",1,1),$R$2="聚氯乙烯半硬质电线管（FPC）",_xlfn.XLOOKUP(S29*T29/$N$3,基础数据!$O$28:$O$33,基础数据!$K$28:$K$33,"建议桥架敷设",1,1),$R$2="聚氯乙烯（PVC-U）",_xlfn.XLOOKUP(S29*T29/$N$3,基础数据!$O$37:$O$46,基础数据!$K$37:$K$46,"建议桥架敷设",1,1),$R$2="聚乙烯（PE）",_xlfn.XLOOKUP(S29*T29/$N$3,基础数据!$O$51:$O$62,基础数据!$K$51:$K$62,"建议桥架敷设",1,1),$R$2="双壁波纹管",_xlfn.XLOOKUP(S29*T29/$N$3,基础数据!$O$67:$O$72,基础数据!$K$67:$K$72,"建议桥架敷设",1,1),$R$2="套接扣压式薄壁钢导管（KBG）",_xlfn.XLOOKUP(S29*T29/$N$3,基础数据!$O$106:$O$110,基础数据!$K$106:$K$110,"建议桥架敷设",1,1)) -> - | V29: =基础数据!A6 -> SYV-75-12 | W29: =基础数据!B6 -> 15.4 | X29: =(W29/2)^2*PI() -> 186.26503 | Z29: =_xlfn.IFS(Y29=0,"-",$R$2="低压流体输送用焊接钢管（SC）",_xlfn.XLOOKUP(X29*Y29/$N$3,基础数据!$O$4:$O$15,基础数据!$K$4:$K$15,"建议桥架敷设",1,1),$R$2="套接紧定式钢管（JDG）",_xlfn.XLOOKUP(X29*Y29/$N$3,基础数据!$O$16:$O$21,基础数据!$K$16:$K$21,"建议桥架敷设",1,1),$R$2="聚氯乙烯硬质电线管（PC）",_xlfn.XLOOKUP(X29*Y29/$N$3,基础数据!$O$22:$O$27,基础数据!$K$22:$K$27,"建议桥架敷设",1,1),$R$2="聚氯乙烯半硬质电线管（FPC）",_xlfn.XLOOKUP(X29*Y29/$N$3,基础数据!$O$28:$O$33,基础数据!$K$28:$K$33,"建议桥架敷设",1,1),$R$2="聚氯乙烯（PVC-U）",_xlfn.XLOOKUP(X29*Y29/$N$3,基础数据!$O$37:$O$46,基础数据!$K$37:$K$46,"建议桥架敷设",1,1),$R$2="聚乙烯（PE）",_xlfn.XLOOKUP(X29*Y29/$N$3,基础数据!$O$51:$O$62,基础数据!$K$51:$K$62,"建议桥架敷设",1,1),$R$2="双壁波纹管",_xlfn.XLOOKUP(X29*Y29/$N$3,基础数据!$O$67:$O$72,基础数据!$K$67:$K$72,"建议桥架敷设",1,1),$R$2="套接扣压式薄壁钢导管（KBG）",_xlfn.XLOOKUP(X29*Y29/$N$3,基础数据!$O$106:$O$110,基础数据!$K$106:$K$110,"建议桥架敷设",1,1)) -> -
B30: =长飞!A22 -> 288芯室外光缆 | C30: =长飞!B22 -> 15.5 | D30: =(C30/2)^2*PI() -> 188.69191 | F30: =_xlfn.IFS(E30=0,"-",E30=1,_xlfn.IFS($R$2="低压流体输送用焊接钢管（SC）",_xlfn.XLOOKUP(C30/$N$2,基础数据!$N$4:$N$15,基础数据!$K$4:$K$15,"建议桥架敷设",1,1),$R$2="套接紧定式钢管（JDG）",_xlfn.XLOOKUP(C30/$N$2,基础数据!$N$16:$N$21,基础数据!$K$16:$K$21,"建议桥架敷设",1,1),$R$2="聚氯乙烯硬质电线管（PC）",_xlfn.XLOOKUP(C30/$N$2,基础数据!$N$22:$N$27,基础数据!$K$22:$K$27,"建议桥架敷设",1,1),$R$2="聚氯乙烯半硬质电线管（FPC）",_xlfn.XLOOKUP(C30/$N$2,基础数据!$N$28:$N$33,基础数据!$K$28:$K$33,"建议桥架敷设",1,1),$R$2="聚氯乙烯（PVC-U）",_xlfn.XLOOKUP(C30/$N$2,基础数据!$N$37:$N$46,基础数据!$K$37:$K$46,"建议桥架敷设",1,1),$R$2="聚乙烯（PE）",_xlfn.XLOOKUP(C30/$N$2,基础数据!$N$51:$N$62,基础数据!$K$51:$K$62,"建议桥架敷设",1,1),$R$2="双壁波纹管",_xlfn.XLOOKUP(C30/$N$2,基础数据!$N$67:$N$72,基础数据!$K$67:$K$72,"建议桥架敷设",1,1),$R$2="套接扣压式薄壁钢导管（KBG）",_xlfn.XLOOKUP(C30/$N$2,基础数据!$N$106:$N$110,基础数据!$K$106:$K$110,"建议桥架敷设",1,1)),$R$2="低压流体输送用焊接钢管（SC）",_xlfn.XLOOKUP(D30*E30/$N$3,基础数据!$O$4:$O$15,基础数据!$K$4:$K$15,"建议桥架敷设",1,1),$R$2="套接紧定式钢管（JDG）",_xlfn.XLOOKUP(D30*E30/$N$3,基础数据!$O$16:$O$21,基础数据!$K$16:$K$21,"建议桥架敷设",1,1),$R$2="聚氯乙烯硬质电线管（PC）",_xlfn.XLOOKUP(D30*E30/$N$3,基础数据!$O$22:$O$27,基础数据!$K$22:$K$27,"建议桥架敷设",1,1),$R$2="聚氯乙烯半硬质电线管（FPC）",_xlfn.XLOOKUP(D30*E30/$N$3,基础数据!$O$28:$O$33,基础数据!$K$28:$K$33,"建议桥架敷设",1,1),$R$2="聚氯乙烯（PVC-U）",_xlfn.XLOOKUP(D30*E30/$N$3,基础数据!$O$37:$O$46,基础数据!$K$37:$K$46,"建议桥架敷设",1,1),$R$2="聚乙烯（PE）",_xlfn.XLOOKUP(D30*E30/$N$3,基础数据!$O$51:$O$62,基础数据!$K$51:$K$62,"建议桥架敷设",1,1),$R$2="双壁波纹管",_xlfn.XLOOKUP(D30*E30/$N$3,基础数据!$O$67:$O$72,基础数据!$K$67:$K$72,"建议桥架敷设",1,1),$R$2="套接扣压式薄壁钢导管（KBG）",_xlfn.XLOOKUP(D30*E30/$N$3,基础数据!$O$106:$O$110,基础数据!$K$106:$K$110,"建议桥架敷设",1,1)) -> - | G30: =基础数据!A72 -> 3类50对大对数 | H30: =基础数据!B72 -> 16.5 | I30: =(H30/2)^2*PI() -> 213.82465 | K30: =_xlfn.IFS(J30=0,"-",J30=1,_xlfn.IFS($R$2="低压流体输送用焊接钢管（SC）",_xlfn.XLOOKUP(H30/$N$2,基础数据!$N$4:$N$15,基础数据!$K$4:$K$15,"建议桥架敷设",1,1),$R$2="套接紧定式钢管（JDG）",_xlfn.XLOOKUP(H30/$N$2,基础数据!$N$16:$N$21,基础数据!$K$16:$K$21,"建议桥架敷设",1,1),$R$2="聚氯乙烯硬质电线管（PC）",_xlfn.XLOOKUP(H30/$N$2,基础数据!$N$22:$N$27,基础数据!$K$22:$K$27,"建议桥架敷设",1,1),$R$2="聚氯乙烯半硬质电线管（FPC）",_xlfn.XLOOKUP(H30/$N$2,基础数据!$N$28:$N$33,基础数据!$K$28:$K$33,"建议桥架敷设",1,1),$R$2="聚氯乙烯（PVC-U）",_xlfn.XLOOKUP(H30/$N$2,基础数据!$N$37:$N$46,基础数据!$K$37:$K$46,"建议桥架敷设",1,1),$R$2="聚乙烯（PE）",_xlfn.XLOOKUP(H30/$N$2,基础数据!$N$51:$N$62,基础数据!$K$51:$K$62,"建议桥架敷设",1,1),$R$2="双壁波纹管",_xlfn.XLOOKUP(H30/$N$2,基础数据!$N$67:$N$72,基础数据!$K$67:$K$72,"建议桥架敷设",1,1),$R$2="套接扣压式薄壁钢导管（KBG）",_xlfn.XLOOKUP(H30/$N$2,基础数据!$N$106:$N$110,基础数据!$K$106:$K$110,"建议桥架敷设",1,1)),$R$2="低压流体输送用焊接钢管（SC）",_xlfn.XLOOKUP(I30*J30/$N$3,基础数据!$O$4:$O$15,基础数据!$K$4:$K$15,"建议桥架敷设",1,1),$R$2="套接紧定式钢管（JDG）",_xlfn.XLOOKUP(I30*J30/$N$3,基础数据!$O$16:$O$21,基础数据!$K$16:$K$21,"建议桥架敷设",1,1),$R$2="聚氯乙烯硬质电线管（PC）",_xlfn.XLOOKUP(I30*J30/$N$3,基础数据!$O$22:$O$27,基础数据!$K$22:$K$27,"建议桥架敷设",1,1),$R$2="聚氯乙烯半硬质电线管（FPC）",_xlfn.XLOOKUP(I30*J30/$N$3,基础数据!$O$28:$O$33,基础数据!$K$28:$K$33,"建议桥架敷设",1,1),$R$2="聚氯乙烯（PVC-U）",_xlfn.XLOOKUP(I30*J30/$N$3,基础数据!$O$37:$O$46,基础数据!$K$37:$K$46,"建议桥架敷设",1,1),$R$2="聚乙烯（PE）",_xlfn.XLOOKUP(I30*J30/$N$3,基础数据!$O$51:$O$62,基础数据!$K$51:$K$62,"建议桥架敷设",1,1),$R$2="双壁波纹管",_xlfn.XLOOKUP(I30*J30/$N$3,基础数据!$O$67:$O$72,基础数据!$K$67:$K$72,"建议桥架敷设",1,1),$R$2="套接扣压式薄壁钢导管（KBG）",_xlfn.XLOOKUP(I30*J30/$N$3,基础数据!$O$106:$O$110,基础数据!$K$106:$K$110,"建议桥架敷设",1,1)) -> - | L30: =飞鹤!A5 -> RVS-2*0.5 | M30: =飞鹤!B5 -> 6 | N30: =(M30/2)^2*PI() -> 28.274334 | P30: =_xlfn.IFS(O30=0,"-",$R$2="低压流体输送用焊接钢管（SC）",_xlfn.XLOOKUP(N30*O30/$N$3,基础数据!$O$4:$O$15,基础数据!$K$4:$K$15,"建议桥架敷设",1,1),$R$2="套接紧定式钢管（JDG）",_xlfn.XLOOKUP(N30*O30/$N$3,基础数据!$O$16:$O$21,基础数据!$K$16:$K$21,"建议桥架敷设",1,1),$R$2="聚氯乙烯硬质电线管（PC）",_xlfn.XLOOKUP(N30*O30/$N$3,基础数据!$O$22:$O$27,基础数据!$K$22:$K$27,"建议桥架敷设",1,1),$R$2="聚氯乙烯半硬质电线管（FPC）",_xlfn.XLOOKUP(N30*O30/$N$3,基础数据!$O$28:$O$33,基础数据!$K$28:$K$33,"建议桥架敷设",1,1),$R$2="聚氯乙烯（PVC-U）",_xlfn.XLOOKUP(N30*O30/$N$3,基础数据!$O$37:$O$46,基础数据!$K$37:$K$46,"建议桥架敷设",1,1),$R$2="聚乙烯（PE）",_xlfn.XLOOKUP(N30*O30/$N$3,基础数据!$O$51:$O$62,基础数据!$K$51:$K$62,"建议桥架敷设",1,1),$R$2="双壁波纹管",_xlfn.XLOOKUP(N30*O30/$N$3,基础数据!$O$67:$O$72,基础数据!$K$67:$K$72,"建议桥架敷设",1,1),$R$2="套接扣压式薄壁钢导管（KBG）",_xlfn.XLOOKUP(N30*O30/$N$3,基础数据!$O$106:$O$110,基础数据!$K$106:$K$110,"建议桥架敷设",1,1)) -> - | Q30: =飞鹤!A160 -> RVSP-2*0.5 | R30: =飞鹤!B160 -> 6.9 | S30: =(R30/2)^2*PI() -> 37.392807 | U30: =_xlfn.IFS(T30=0,"-",$R$2="低压流体输送用焊接钢管（SC）",_xlfn.XLOOKUP(S30*T30/$N$3,基础数据!$O$4:$O$15,基础数据!$K$4:$K$15,"建议桥架敷设",1,1),$R$2="套接紧定式钢管（JDG）",_xlfn.XLOOKUP(S30*T30/$N$3,基础数据!$O$16:$O$21,基础数据!$K$16:$K$21,"建议桥架敷设",1,1),$R$2="聚氯乙烯硬质电线管（PC）",_xlfn.XLOOKUP(S30*T30/$N$3,基础数据!$O$22:$O$27,基础数据!$K$22:$K$27,"建议桥架敷设",1,1),$R$2="聚氯乙烯半硬质电线管（FPC）",_xlfn.XLOOKUP(S30*T30/$N$3,基础数据!$O$28:$O$33,基础数据!$K$28:$K$33,"建议桥架敷设",1,1),$R$2="聚氯乙烯（PVC-U）",_xlfn.XLOOKUP(S30*T30/$N$3,基础数据!$O$37:$O$46,基础数据!$K$37:$K$46,"建议桥架敷设",1,1),$R$2="聚乙烯（PE）",_xlfn.XLOOKUP(S30*T30/$N$3,基础数据!$O$51:$O$62,基础数据!$K$51:$K$62,"建议桥架敷设",1,1),$R$2="双壁波纹管",_xlfn.XLOOKUP(S30*T30/$N$3,基础数据!$O$67:$O$72,基础数据!$K$67:$K$72,"建议桥架敷设",1,1),$R$2="套接扣压式薄壁钢导管（KBG）",_xlfn.XLOOKUP(S30*T30/$N$3,基础数据!$O$106:$O$110,基础数据!$K$106:$K$110,"建议桥架敷设",1,1)) -> - | V30: =基础数据!A7 -> SYWV-75-5 | W30: =基础数据!B7 -> 7.5 | X30: =(W30/2)^2*PI() -> 44.178647 | Z30: =_xlfn.IFS(Y30=0,"-",$R$2="低压流体输送用焊接钢管（SC）",_xlfn.XLOOKUP(X30*Y30/$N$3,基础数据!$O$4:$O$15,基础数据!$K$4:$K$15,"建议桥架敷设",1,1),$R$2="套接紧定式钢管（JDG）",_xlfn.XLOOKUP(X30*Y30/$N$3,基础数据!$O$16:$O$21,基础数据!$K$16:$K$21,"建议桥架敷设",1,1),$R$2="聚氯乙烯硬质电线管（PC）",_xlfn.XLOOKUP(X30*Y30/$N$3,基础数据!$O$22:$O$27,基础数据!$K$22:$K$27,"建议桥架敷设",1,1),$R$2="聚氯乙烯半硬质电线管（FPC）",_xlfn.XLOOKUP(X30*Y30/$N$3,基础数据!$O$28:$O$33,基础数据!$K$28:$K$33,"建议桥架敷设",1,1),$R$2="聚氯乙烯（PVC-U）",_xlfn.XLOOKUP(X30*Y30/$N$3,基础数据!$O$37:$O$46,基础数据!$K$37:$K$46,"建议桥架敷设",1,1),$R$2="聚乙烯（PE）",_xlfn.XLOOKUP(X30*Y30/$N$3,基础数据!$O$51:$O$62,基础数据!$K$51:$K$62,"建议桥架敷设",1,1),$R$2="双壁波纹管",_xlfn.XLOOKUP(X30*Y30/$N$3,基础数据!$O$67:$O$72,基础数据!$K$67:$K$72,"建议桥架敷设",1,1),$R$2="套接扣压式薄壁钢导管（KBG）",_xlfn.XLOOKUP(X30*Y30/$N$3,基础数据!$O$106:$O$110,基础数据!$K$106:$K$110,"建议桥架敷设",1,1)) -> -
D31: =(C31/2)^2*PI() -> 0 | F31: =_xlfn.IFS(E31=0,"-",$R$2="低压流体输送用焊接钢管（SC）",_xlfn.XLOOKUP(D31*E31/$N$3,基础数据!$O$4:$O$15,基础数据!$K$4:$K$15,"建议桥架敷设",1,1),$R$2="套接紧定式钢管（JDG）",_xlfn.XLOOKUP(D31*E31/$N$3,基础数据!$O$16:$O$21,基础数据!$K$16:$K$21,"建议桥架敷设",1,1),$R$2="聚氯乙烯硬质电线管（PC）",_xlfn.XLOOKUP(D31*E31/$N$3,基础数据!$O$22:$O$27,基础数据!$K$22:$K$27,"建议桥架敷设",1,1),$R$2="聚氯乙烯半硬质电线管（FPC）",_xlfn.XLOOKUP(D31*E31/$N$3,基础数据!$O$28:$O$33,基础数据!$K$28:$K$33,"建议桥架敷设",1,1),$R$2="聚氯乙烯（PVC-U）",_xlfn.XLOOKUP(D31*E31/$N$3,基础数据!$O$37:$O$46,基础数据!$K$37:$K$46,"建议桥架敷设",1,1),$R$2="聚乙烯（PE）",_xlfn.XLOOKUP(D31*E31/$N$3,基础数据!$O$51:$O$62,基础数据!$K$51:$K$62,"建议桥架敷设",1,1),$R$2="双壁波纹管",_xlfn.XLOOKUP(D31*E31/$N$3,基础数据!$O$67:$O$72,基础数据!$K$67:$K$72,"建议桥架敷设",1,1),$R$2="套接扣压式薄壁钢导管（KBG）",_xlfn.XLOOKUP(D31*E31/$N$3,基础数据!$O$106:$O$110,基础数据!$K$106:$K$110,"建议桥架敷设",1,1)) -> - | G31: =基础数据!A73 -> 3类100对大对数 | H31: =基础数据!B73 -> 21.2 | I31: =(H31/2)^2*PI() -> 352.98935 | K31: =_xlfn.IFS(J31=0,"-",J31=1,_xlfn.IFS($R$2="低压流体输送用焊接钢管（SC）",_xlfn.XLOOKUP(H31/$N$2,基础数据!$N$4:$N$15,基础数据!$K$4:$K$15,"建议桥架敷设",1,1),$R$2="套接紧定式钢管（JDG）",_xlfn.XLOOKUP(H31/$N$2,基础数据!$N$16:$N$21,基础数据!$K$16:$K$21,"建议桥架敷设",1,1),$R$2="聚氯乙烯硬质电线管（PC）",_xlfn.XLOOKUP(H31/$N$2,基础数据!$N$22:$N$27,基础数据!$K$22:$K$27,"建议桥架敷设",1,1),$R$2="聚氯乙烯半硬质电线管（FPC）",_xlfn.XLOOKUP(H31/$N$2,基础数据!$N$28:$N$33,基础数据!$K$28:$K$33,"建议桥架敷设",1,1),$R$2="聚氯乙烯（PVC-U）",_xlfn.XLOOKUP(H31/$N$2,基础数据!$N$37:$N$46,基础数据!$K$37:$K$46,"建议桥架敷设",1,1),$R$2="聚乙烯（PE）",_xlfn.XLOOKUP(H31/$N$2,基础数据!$N$51:$N$62,基础数据!$K$51:$K$62,"建议桥架敷设",1,1),$R$2="双壁波纹管",_xlfn.XLOOKUP(H31/$N$2,基础数据!$N$67:$N$72,基础数据!$K$67:$K$72,"建议桥架敷设",1,1),$R$2="套接扣压式薄壁钢导管（KBG）",_xlfn.XLOOKUP(H31/$N$2,基础数据!$N$106:$N$110,基础数据!$K$106:$K$110,"建议桥架敷设",1,1)),$R$2="低压流体输送用焊接钢管（SC）",_xlfn.XLOOKUP(I31*J31/$N$3,基础数据!$O$4:$O$15,基础数据!$K$4:$K$15,"建议桥架敷设",1,1),$R$2="套接紧定式钢管（JDG）",_xlfn.XLOOKUP(I31*J31/$N$3,基础数据!$O$16:$O$21,基础数据!$K$16:$K$21,"建议桥架敷设",1,1),$R$2="聚氯乙烯硬质电线管（PC）",_xlfn.XLOOKUP(I31*J31/$N$3,基础数据!$O$22:$O$27,基础数据!$K$22:$K$27,"建议桥架敷设",1,1),$R$2="聚氯乙烯半硬质电线管（FPC）",_xlfn.XLOOKUP(I31*J31/$N$3,基础数据!$O$28:$O$33,基础数据!$K$28:$K$33,"建议桥架敷设",1,1),$R$2="聚氯乙烯（PVC-U）",_xlfn.XLOOKUP(I31*J31/$N$3,基础数据!$O$37:$O$46,基础数据!$K$37:$K$46,"建议桥架敷设",1,1),$R$2="聚乙烯（PE）",_xlfn.XLOOKUP(I31*J31/$N$3,基础数据!$O$51:$O$62,基础数据!$K$51:$K$62,"建议桥架敷设",1,1),$R$2="双壁波纹管",_xlfn.XLOOKUP(I31*J31/$N$3,基础数据!$O$67:$O$72,基础数据!$K$67:$K$72,"建议桥架敷设",1,1),$R$2="套接扣压式薄壁钢导管（KBG）",_xlfn.XLOOKUP(I31*J31/$N$3,基础数据!$O$106:$O$110,基础数据!$K$106:$K$110,"建议桥架敷设",1,1)) -> - | L31: =飞鹤!A6 -> RVS-2*0.75 | M31: =飞鹤!B6 -> 6.2 | N31: =(M31/2)^2*PI() -> 30.190705 | P31: =_xlfn.IFS(O31=0,"-",$R$2="低压流体输送用焊接钢管（SC）",_xlfn.XLOOKUP(N31*O31/$N$3,基础数据!$O$4:$O$15,基础数据!$K$4:$K$15,"建议桥架敷设",1,1),$R$2="套接紧定式钢管（JDG）",_xlfn.XLOOKUP(N31*O31/$N$3,基础数据!$O$16:$O$21,基础数据!$K$16:$K$21,"建议桥架敷设",1,1),$R$2="聚氯乙烯硬质电线管（PC）",_xlfn.XLOOKUP(N31*O31/$N$3,基础数据!$O$22:$O$27,基础数据!$K$22:$K$27,"建议桥架敷设",1,1),$R$2="聚氯乙烯半硬质电线管（FPC）",_xlfn.XLOOKUP(N31*O31/$N$3,基础数据!$O$28:$O$33,基础数据!$K$28:$K$33,"建议桥架敷设",1,1),$R$2="聚氯乙烯（PVC-U）",_xlfn.XLOOKUP(N31*O31/$N$3,基础数据!$O$37:$O$46,基础数据!$K$37:$K$46,"建议桥架敷设",1,1),$R$2="聚乙烯（PE）",_xlfn.XLOOKUP(N31*O31/$N$3,基础数据!$O$51:$O$62,基础数据!$K$51:$K$62,"建议桥架敷设",1,1),$R$2="双壁波纹管",_xlfn.XLOOKUP(N31*O31/$N$3,基础数据!$O$67:$O$72,基础数据!$K$67:$K$72,"建议桥架敷设",1,1),$R$2="套接扣压式薄壁钢导管（KBG）",_xlfn.XLOOKUP(N31*O31/$N$3,基础数据!$O$106:$O$110,基础数据!$K$106:$K$110,"建议桥架敷设",1,1)) -> - | Q31: =飞鹤!A161 -> RVSP-2*0.75 | R31: =飞鹤!B161 -> 7.4 | S31: =(R31/2)^2*PI() -> 43.008403 | U31: =_xlfn.IFS(T31=0,"-",$R$2="低压流体输送用焊接钢管（SC）",_xlfn.XLOOKUP(S31*T31/$N$3,基础数据!$O$4:$O$15,基础数据!$K$4:$K$15,"建议桥架敷设",1,1),$R$2="套接紧定式钢管（JDG）",_xlfn.XLOOKUP(S31*T31/$N$3,基础数据!$O$16:$O$21,基础数据!$K$16:$K$21,"建议桥架敷设",1,1),$R$2="聚氯乙烯硬质电线管（PC）",_xlfn.XLOOKUP(S31*T31/$N$3,基础数据!$O$22:$O$27,基础数据!$K$22:$K$27,"建议桥架敷设",1,1),$R$2="聚氯乙烯半硬质电线管（FPC）",_xlfn.XLOOKUP(S31*T31/$N$3,基础数据!$O$28:$O$33,基础数据!$K$28:$K$33,"建议桥架敷设",1,1),$R$2="聚氯乙烯（PVC-U）",_xlfn.XLOOKUP(S31*T31/$N$3,基础数据!$O$37:$O$46,基础数据!$K$37:$K$46,"建议桥架敷设",1,1),$R$2="聚乙烯（PE）",_xlfn.XLOOKUP(S31*T31/$N$3,基础数据!$O$51:$O$62,基础数据!$K$51:$K$62,"建议桥架敷设",1,1),$R$2="双壁波纹管",_xlfn.XLOOKUP(S31*T31/$N$3,基础数据!$O$67:$O$72,基础数据!$K$67:$K$72,"建议桥架敷设",1,1),$R$2="套接扣压式薄壁钢导管（KBG）",_xlfn.XLOOKUP(S31*T31/$N$3,基础数据!$O$106:$O$110,基础数据!$K$106:$K$110,"建议桥架敷设",1,1)) -> - | V31: =基础数据!A8 -> SYWV-75-7 | W31: =基础数据!B8 -> 10.6 | X31: =(W31/2)^2*PI() -> 88.247338 | Z31: =_xlfn.IFS(Y31=0,"-",$R$2="低压流体输送用焊接钢管（SC）",_xlfn.XLOOKUP(X31*Y31/$N$3,基础数据!$O$4:$O$15,基础数据!$K$4:$K$15,"建议桥架敷设",1,1),$R$2="套接紧定式钢管（JDG）",_xlfn.XLOOKUP(X31*Y31/$N$3,基础数据!$O$16:$O$21,基础数据!$K$16:$K$21,"建议桥架敷设",1,1),$R$2="聚氯乙烯硬质电线管（PC）",_xlfn.XLOOKUP(X31*Y31/$N$3,基础数据!$O$22:$O$27,基础数据!$K$22:$K$27,"建议桥架敷设",1,1),$R$2="聚氯乙烯半硬质电线管（FPC）",_xlfn.XLOOKUP(X31*Y31/$N$3,基础数据!$O$28:$O$33,基础数据!$K$28:$K$33,"建议桥架敷设",1,1),$R$2="聚氯乙烯（PVC-U）",_xlfn.XLOOKUP(X31*Y31/$N$3,基础数据!$O$37:$O$46,基础数据!$K$37:$K$46,"建议桥架敷设",1,1),$R$2="聚乙烯（PE）",_xlfn.XLOOKUP(X31*Y31/$N$3,基础数据!$O$51:$O$62,基础数据!$K$51:$K$62,"建议桥架敷设",1,1),$R$2="双壁波纹管",_xlfn.XLOOKUP(X31*Y31/$N$3,基础数据!$O$67:$O$72,基础数据!$K$67:$K$72,"建议桥架敷设",1,1),$R$2="套接扣压式薄壁钢导管（KBG）",_xlfn.XLOOKUP(X31*Y31/$N$3,基础数据!$O$106:$O$110,基础数据!$K$106:$K$110,"建议桥架敷设",1,1)) -> -
D32: =(C32/2)^2*PI() -> 0 | F32: =_xlfn.IFS(E32=0,"-",$R$2="低压流体输送用焊接钢管（SC）",_xlfn.XLOOKUP(D32*E32/$N$3,基础数据!$O$4:$O$15,基础数据!$K$4:$K$15,"建议桥架敷设",1,1),$R$2="套接紧定式钢管（JDG）",_xlfn.XLOOKUP(D32*E32/$N$3,基础数据!$O$16:$O$21,基础数据!$K$16:$K$21,"建议桥架敷设",1,1),$R$2="聚氯乙烯硬质电线管（PC）",_xlfn.XLOOKUP(D32*E32/$N$3,基础数据!$O$22:$O$27,基础数据!$K$22:$K$27,"建议桥架敷设",1,1),$R$2="聚氯乙烯半硬质电线管（FPC）",_xlfn.XLOOKUP(D32*E32/$N$3,基础数据!$O$28:$O$33,基础数据!$K$28:$K$33,"建议桥架敷设",1,1),$R$2="聚氯乙烯（PVC-U）",_xlfn.XLOOKUP(D32*E32/$N$3,基础数据!$O$37:$O$46,基础数据!$K$37:$K$46,"建议桥架敷设",1,1),$R$2="聚乙烯（PE）",_xlfn.XLOOKUP(D32*E32/$N$3,基础数据!$O$51:$O$62,基础数据!$K$51:$K$62,"建议桥架敷设",1,1),$R$2="双壁波纹管",_xlfn.XLOOKUP(D32*E32/$N$3,基础数据!$O$67:$O$72,基础数据!$K$67:$K$72,"建议桥架敷设",1,1),$R$2="套接扣压式薄壁钢导管（KBG）",_xlfn.XLOOKUP(D32*E32/$N$3,基础数据!$O$106:$O$110,基础数据!$K$106:$K$110,"建议桥架敷设",1,1)) -> - | G32: =基础数据!A74 -> 5类25对大对数 | H32: =基础数据!B74 -> 12.5 | I32: =(H32/2)^2*PI() -> 122.71846 | K32: =_xlfn.IFS(J32=0,"-",J32=1,_xlfn.IFS($R$2="低压流体输送用焊接钢管（SC）",_xlfn.XLOOKUP(H32/$N$2,基础数据!$N$4:$N$15,基础数据!$K$4:$K$15,"建议桥架敷设",1,1),$R$2="套接紧定式钢管（JDG）",_xlfn.XLOOKUP(H32/$N$2,基础数据!$N$16:$N$21,基础数据!$K$16:$K$21,"建议桥架敷设",1,1),$R$2="聚氯乙烯硬质电线管（PC）",_xlfn.XLOOKUP(H32/$N$2,基础数据!$N$22:$N$27,基础数据!$K$22:$K$27,"建议桥架敷设",1,1),$R$2="聚氯乙烯半硬质电线管（FPC）",_xlfn.XLOOKUP(H32/$N$2,基础数据!$N$28:$N$33,基础数据!$K$28:$K$33,"建议桥架敷设",1,1),$R$2="聚氯乙烯（PVC-U）",_xlfn.XLOOKUP(H32/$N$2,基础数据!$N$37:$N$46,基础数据!$K$37:$K$46,"建议桥架敷设",1,1),$R$2="聚乙烯（PE）",_xlfn.XLOOKUP(H32/$N$2,基础数据!$N$51:$N$62,基础数据!$K$51:$K$62,"建议桥架敷设",1,1),$R$2="双壁波纹管",_xlfn.XLOOKUP(H32/$N$2,基础数据!$N$67:$N$72,基础数据!$K$67:$K$72,"建议桥架敷设",1,1),$R$2="套接扣压式薄壁钢导管（KBG）",_xlfn.XLOOKUP(H32/$N$2,基础数据!$N$106:$N$110,基础数据!$K$106:$K$110,"建议桥架敷设",1,1)),$R$2="低压流体输送用焊接钢管（SC）",_xlfn.XLOOKUP(I32*J32/$N$3,基础数据!$O$4:$O$15,基础数据!$K$4:$K$15,"建议桥架敷设",1,1),$R$2="套接紧定式钢管（JDG）",_xlfn.XLOOKUP(I32*J32/$N$3,基础数据!$O$16:$O$21,基础数据!$K$16:$K$21,"建议桥架敷设",1,1),$R$2="聚氯乙烯硬质电线管（PC）",_xlfn.XLOOKUP(I32*J32/$N$3,基础数据!$O$22:$O$27,基础数据!$K$22:$K$27,"建议桥架敷设",1,1),$R$2="聚氯乙烯半硬质电线管（FPC）",_xlfn.XLOOKUP(I32*J32/$N$3,基础数据!$O$28:$O$33,基础数据!$K$28:$K$33,"建议桥架敷设",1,1),$R$2="聚氯乙烯（PVC-U）",_xlfn.XLOOKUP(I32*J32/$N$3,基础数据!$O$37:$O$46,基础数据!$K$37:$K$46,"建议桥架敷设",1,1),$R$2="聚乙烯（PE）",_xlfn.XLOOKUP(I32*J32/$N$3,基础数据!$O$51:$O$62,基础数据!$K$51:$K$62,"建议桥架敷设",1,1),$R$2="双壁波纹管",_xlfn.XLOOKUP(I32*J32/$N$3,基础数据!$O$67:$O$72,基础数据!$K$67:$K$72,"建议桥架敷设",1,1),$R$2="套接扣压式薄壁钢导管（KBG）",_xlfn.XLOOKUP(I32*J32/$N$3,基础数据!$O$106:$O$110,基础数据!$K$106:$K$110,"建议桥架敷设",1,1)) -> - | L32: =飞鹤!A7 -> RVS-2*1.0 | M32: =飞鹤!B7 -> 6.6 | N32: =(M32/2)^2*PI() -> 34.211944 | P32: =_xlfn.IFS(O32=0,"-",$R$2="低压流体输送用焊接钢管（SC）",_xlfn.XLOOKUP(N32*O32/$N$3,基础数据!$O$4:$O$15,基础数据!$K$4:$K$15,"建议桥架敷设",1,1),$R$2="套接紧定式钢管（JDG）",_xlfn.XLOOKUP(N32*O32/$N$3,基础数据!$O$16:$O$21,基础数据!$K$16:$K$21,"建议桥架敷设",1,1),$R$2="聚氯乙烯硬质电线管（PC）",_xlfn.XLOOKUP(N32*O32/$N$3,基础数据!$O$22:$O$27,基础数据!$K$22:$K$27,"建议桥架敷设",1,1),$R$2="聚氯乙烯半硬质电线管（FPC）",_xlfn.XLOOKUP(N32*O32/$N$3,基础数据!$O$28:$O$33,基础数据!$K$28:$K$33,"建议桥架敷设",1,1),$R$2="聚氯乙烯（PVC-U）",_xlfn.XLOOKUP(N32*O32/$N$3,基础数据!$O$37:$O$46,基础数据!$K$37:$K$46,"建议桥架敷设",1,1),$R$2="聚乙烯（PE）",_xlfn.XLOOKUP(N32*O32/$N$3,基础数据!$O$51:$O$62,基础数据!$K$51:$K$62,"建议桥架敷设",1,1),$R$2="双壁波纹管",_xlfn.XLOOKUP(N32*O32/$N$3,基础数据!$O$67:$O$72,基础数据!$K$67:$K$72,"建议桥架敷设",1,1),$R$2="套接扣压式薄壁钢导管（KBG）",_xlfn.XLOOKUP(N32*O32/$N$3,基础数据!$O$106:$O$110,基础数据!$K$106:$K$110,"建议桥架敷设",1,1)) -> - | Q32: =飞鹤!A162 -> RVSP-2*1.0 | R32: =飞鹤!B162 -> 8.2 | S32: =(R32/2)^2*PI() -> 52.810173 | U32: =_xlfn.IFS(T32=0,"-",$R$2="低压流体输送用焊接钢管（SC）",_xlfn.XLOOKUP(S32*T32/$N$3,基础数据!$O$4:$O$15,基础数据!$K$4:$K$15,"建议桥架敷设",1,1),$R$2="套接紧定式钢管（JDG）",_xlfn.XLOOKUP(S32*T32/$N$3,基础数据!$O$16:$O$21,基础数据!$K$16:$K$21,"建议桥架敷设",1,1),$R$2="聚氯乙烯硬质电线管（PC）",_xlfn.XLOOKUP(S32*T32/$N$3,基础数据!$O$22:$O$27,基础数据!$K$22:$K$27,"建议桥架敷设",1,1),$R$2="聚氯乙烯半硬质电线管（FPC）",_xlfn.XLOOKUP(S32*T32/$N$3,基础数据!$O$28:$O$33,基础数据!$K$28:$K$33,"建议桥架敷设",1,1),$R$2="聚氯乙烯（PVC-U）",_xlfn.XLOOKUP(S32*T32/$N$3,基础数据!$O$37:$O$46,基础数据!$K$37:$K$46,"建议桥架敷设",1,1),$R$2="聚乙烯（PE）",_xlfn.XLOOKUP(S32*T32/$N$3,基础数据!$O$51:$O$62,基础数据!$K$51:$K$62,"建议桥架敷设",1,1),$R$2="双壁波纹管",_xlfn.XLOOKUP(S32*T32/$N$3,基础数据!$O$67:$O$72,基础数据!$K$67:$K$72,"建议桥架敷设",1,1),$R$2="套接扣压式薄壁钢导管（KBG）",_xlfn.XLOOKUP(S32*T32/$N$3,基础数据!$O$106:$O$110,基础数据!$K$106:$K$110,"建议桥架敷设",1,1)) -> - | V32: =基础数据!A9 -> SYWV-75-9 | W32: =基础数据!B9 -> 12.6 | X32: =(W32/2)^2*PI() -> 124.68981 | Z32: =_xlfn.IFS(Y32=0,"-",$R$2="低压流体输送用焊接钢管（SC）",_xlfn.XLOOKUP(X32*Y32/$N$3,基础数据!$O$4:$O$15,基础数据!$K$4:$K$15,"建议桥架敷设",1,1),$R$2="套接紧定式钢管（JDG）",_xlfn.XLOOKUP(X32*Y32/$N$3,基础数据!$O$16:$O$21,基础数据!$K$16:$K$21,"建议桥架敷设",1,1),$R$2="聚氯乙烯硬质电线管（PC）",_xlfn.XLOOKUP(X32*Y32/$N$3,基础数据!$O$22:$O$27,基础数据!$K$22:$K$27,"建议桥架敷设",1,1),$R$2="聚氯乙烯半硬质电线管（FPC）",_xlfn.XLOOKUP(X32*Y32/$N$3,基础数据!$O$28:$O$33,基础数据!$K$28:$K$33,"建议桥架敷设",1,1),$R$2="聚氯乙烯（PVC-U）",_xlfn.XLOOKUP(X32*Y32/$N$3,基础数据!$O$37:$O$46,基础数据!$K$37:$K$46,"建议桥架敷设",1,1),$R$2="聚乙烯（PE）",_xlfn.XLOOKUP(X32*Y32/$N$3,基础数据!$O$51:$O$62,基础数据!$K$51:$K$62,"建议桥架敷设",1,1),$R$2="双壁波纹管",_xlfn.XLOOKUP(X32*Y32/$N$3,基础数据!$O$67:$O$72,基础数据!$K$67:$K$72,"建议桥架敷设",1,1),$R$2="套接扣压式薄壁钢导管（KBG）",_xlfn.XLOOKUP(X32*Y32/$N$3,基础数据!$O$106:$O$110,基础数据!$K$106:$K$110,"建议桥架敷设",1,1)) -> -
D33: =(C33/2)^2*PI() -> 0 | F33: =_xlfn.IFS(E33=0,"-",$R$2="低压流体输送用焊接钢管（SC）",_xlfn.XLOOKUP(D33*E33/$N$3,基础数据!$O$4:$O$15,基础数据!$K$4:$K$15,"建议桥架敷设",1,1),$R$2="套接紧定式钢管（JDG）",_xlfn.XLOOKUP(D33*E33/$N$3,基础数据!$O$16:$O$21,基础数据!$K$16:$K$21,"建议桥架敷设",1,1),$R$2="聚氯乙烯硬质电线管（PC）",_xlfn.XLOOKUP(D33*E33/$N$3,基础数据!$O$22:$O$27,基础数据!$K$22:$K$27,"建议桥架敷设",1,1),$R$2="聚氯乙烯半硬质电线管（FPC）",_xlfn.XLOOKUP(D33*E33/$N$3,基础数据!$O$28:$O$33,基础数据!$K$28:$K$33,"建议桥架敷设",1,1),$R$2="聚氯乙烯（PVC-U）",_xlfn.XLOOKUP(D33*E33/$N$3,基础数据!$O$37:$O$46,基础数据!$K$37:$K$46,"建议桥架敷设",1,1),$R$2="聚乙烯（PE）",_xlfn.XLOOKUP(D33*E33/$N$3,基础数据!$O$51:$O$62,基础数据!$K$51:$K$62,"建议桥架敷设",1,1),$R$2="双壁波纹管",_xlfn.XLOOKUP(D33*E33/$N$3,基础数据!$O$67:$O$72,基础数据!$K$67:$K$72,"建议桥架敷设",1,1),$R$2="套接扣压式薄壁钢导管（KBG）",_xlfn.XLOOKUP(D33*E33/$N$3,基础数据!$O$106:$O$110,基础数据!$K$106:$K$110,"建议桥架敷设",1,1)) -> - | G33: 1/2"馈线 HCAAYZ 50-12射频同轴电缆 | H33: 15.7 | I33: =(H33/2)^2*PI() -> 193.59279 | K33: =_xlfn.IFS(J33=0,"-",$R$2="低压流体输送用焊接钢管（SC）",_xlfn.XLOOKUP(I33*J33/$N$3,基础数据!$O$4:$O$15,基础数据!$K$4:$K$15,"建议桥架敷设",1,1),$R$2="套接紧定式钢管（JDG）",_xlfn.XLOOKUP(I33*J33/$N$3,基础数据!$O$16:$O$21,基础数据!$K$16:$K$21,"建议桥架敷设",1,1),$R$2="聚氯乙烯硬质电线管（PC）",_xlfn.XLOOKUP(I33*J33/$N$3,基础数据!$O$22:$O$27,基础数据!$K$22:$K$27,"建议桥架敷设",1,1),$R$2="聚氯乙烯半硬质电线管（FPC）",_xlfn.XLOOKUP(I33*J33/$N$3,基础数据!$O$28:$O$33,基础数据!$K$28:$K$33,"建议桥架敷设",1,1),$R$2="聚氯乙烯（PVC-U）",_xlfn.XLOOKUP(I33*J33/$N$3,基础数据!$O$37:$O$46,基础数据!$K$37:$K$46,"建议桥架敷设",1,1),$R$2="聚乙烯（PE）",_xlfn.XLOOKUP(I33*J33/$N$3,基础数据!$O$51:$O$62,基础数据!$K$51:$K$62,"建议桥架敷设",1,1),$R$2="双壁波纹管",_xlfn.XLOOKUP(I33*J33/$N$3,基础数据!$O$67:$O$72,基础数据!$K$67:$K$72,"建议桥架敷设",1,1),$R$2="套接扣压式薄壁钢导管（KBG）",_xlfn.XLOOKUP(I33*J33/$N$3,基础数据!$O$106:$O$110,基础数据!$K$106:$K$110,"建议桥架敷设",1,1)) -> - | L33: =飞鹤!A8 -> RVS-2*1.5 | M33: =飞鹤!B8 -> 7.2 | N33: =(M33/2)^2*PI() -> 40.715041 | P33: =_xlfn.IFS(O33=0,"-",$R$2="低压流体输送用焊接钢管（SC）",_xlfn.XLOOKUP(N33*O33/$N$3,基础数据!$O$4:$O$15,基础数据!$K$4:$K$15,"建议桥架敷设",1,1),$R$2="套接紧定式钢管（JDG）",_xlfn.XLOOKUP(N33*O33/$N$3,基础数据!$O$16:$O$21,基础数据!$K$16:$K$21,"建议桥架敷设",1,1),$R$2="聚氯乙烯硬质电线管（PC）",_xlfn.XLOOKUP(N33*O33/$N$3,基础数据!$O$22:$O$27,基础数据!$K$22:$K$27,"建议桥架敷设",1,1),$R$2="聚氯乙烯半硬质电线管（FPC）",_xlfn.XLOOKUP(N33*O33/$N$3,基础数据!$O$28:$O$33,基础数据!$K$28:$K$33,"建议桥架敷设",1,1),$R$2="聚氯乙烯（PVC-U）",_xlfn.XLOOKUP(N33*O33/$N$3,基础数据!$O$37:$O$46,基础数据!$K$37:$K$46,"建议桥架敷设",1,1),$R$2="聚乙烯（PE）",_xlfn.XLOOKUP(N33*O33/$N$3,基础数据!$O$51:$O$62,基础数据!$K$51:$K$62,"建议桥架敷设",1,1),$R$2="双壁波纹管",_xlfn.XLOOKUP(N33*O33/$N$3,基础数据!$O$67:$O$72,基础数据!$K$67:$K$72,"建议桥架敷设",1,1),$R$2="套接扣压式薄壁钢导管（KBG）",_xlfn.XLOOKUP(N33*O33/$N$3,基础数据!$O$106:$O$110,基础数据!$K$106:$K$110,"建议桥架敷设",1,1)) -> - | Q33: =飞鹤!A163 -> RVSP-2*1.5 | R33: =飞鹤!B163 -> 9.4 | S33: =(R33/2)^2*PI() -> 69.397782 | U33: =_xlfn.IFS(T33=0,"-",$R$2="低压流体输送用焊接钢管（SC）",_xlfn.XLOOKUP(S33*T33/$N$3,基础数据!$O$4:$O$15,基础数据!$K$4:$K$15,"建议桥架敷设",1,1),$R$2="套接紧定式钢管（JDG）",_xlfn.XLOOKUP(S33*T33/$N$3,基础数据!$O$16:$O$21,基础数据!$K$16:$K$21,"建议桥架敷设",1,1),$R$2="聚氯乙烯硬质电线管（PC）",_xlfn.XLOOKUP(S33*T33/$N$3,基础数据!$O$22:$O$27,基础数据!$K$22:$K$27,"建议桥架敷设",1,1),$R$2="聚氯乙烯半硬质电线管（FPC）",_xlfn.XLOOKUP(S33*T33/$N$3,基础数据!$O$28:$O$33,基础数据!$K$28:$K$33,"建议桥架敷设",1,1),$R$2="聚氯乙烯（PVC-U）",_xlfn.XLOOKUP(S33*T33/$N$3,基础数据!$O$37:$O$46,基础数据!$K$37:$K$46,"建议桥架敷设",1,1),$R$2="聚乙烯（PE）",_xlfn.XLOOKUP(S33*T33/$N$3,基础数据!$O$51:$O$62,基础数据!$K$51:$K$62,"建议桥架敷设",1,1),$R$2="双壁波纹管",_xlfn.XLOOKUP(S33*T33/$N$3,基础数据!$O$67:$O$72,基础数据!$K$67:$K$72,"建议桥架敷设",1,1),$R$2="套接扣压式薄壁钢导管（KBG）",_xlfn.XLOOKUP(S33*T33/$N$3,基础数据!$O$106:$O$110,基础数据!$K$106:$K$110,"建议桥架敷设",1,1)) -> - | X33: =(W33/2)^2*PI() -> 0 | Z33: =_xlfn.IFS(Y33=0,"-",$R$2="低压流体输送用焊接钢管（SC）",_xlfn.XLOOKUP(X33*Y33/$N$3,基础数据!$O$4:$O$15,基础数据!$K$4:$K$15,"建议桥架敷设",1,1),$R$2="套接紧定式钢管（JDG）",_xlfn.XLOOKUP(X33*Y33/$N$3,基础数据!$O$16:$O$21,基础数据!$K$16:$K$21,"建议桥架敷设",1,1),$R$2="聚氯乙烯硬质电线管（PC）",_xlfn.XLOOKUP(X33*Y33/$N$3,基础数据!$O$22:$O$27,基础数据!$K$22:$K$27,"建议桥架敷设",1,1),$R$2="聚氯乙烯半硬质电线管（FPC）",_xlfn.XLOOKUP(X33*Y33/$N$3,基础数据!$O$28:$O$33,基础数据!$K$28:$K$33,"建议桥架敷设",1,1),$R$2="聚氯乙烯（PVC-U）",_xlfn.XLOOKUP(X33*Y33/$N$3,基础数据!$O$37:$O$46,基础数据!$K$37:$K$46,"建议桥架敷设",1,1),$R$2="聚乙烯（PE）",_xlfn.XLOOKUP(X33*Y33/$N$3,基础数据!$O$51:$O$62,基础数据!$K$51:$K$62,"建议桥架敷设",1,1),$R$2="双壁波纹管",_xlfn.XLOOKUP(X33*Y33/$N$3,基础数据!$O$67:$O$72,基础数据!$K$67:$K$72,"建议桥架敷设",1,1),$R$2="套接扣压式薄壁钢导管（KBG）",_xlfn.XLOOKUP(X33*Y33/$N$3,基础数据!$O$106:$O$110,基础数据!$K$106:$K$110,"建议桥架敷设",1,1)) -> -
D34: =(C34/2)^2*PI() -> 0 | F34: =_xlfn.IFS(E34=0,"-",$R$2="低压流体输送用焊接钢管（SC）",_xlfn.XLOOKUP(D34*E34/$N$3,基础数据!$O$4:$O$15,基础数据!$K$4:$K$15,"建议桥架敷设",1,1),$R$2="套接紧定式钢管（JDG）",_xlfn.XLOOKUP(D34*E34/$N$3,基础数据!$O$16:$O$21,基础数据!$K$16:$K$21,"建议桥架敷设",1,1),$R$2="聚氯乙烯硬质电线管（PC）",_xlfn.XLOOKUP(D34*E34/$N$3,基础数据!$O$22:$O$27,基础数据!$K$22:$K$27,"建议桥架敷设",1,1),$R$2="聚氯乙烯半硬质电线管（FPC）",_xlfn.XLOOKUP(D34*E34/$N$3,基础数据!$O$28:$O$33,基础数据!$K$28:$K$33,"建议桥架敷设",1,1),$R$2="聚氯乙烯（PVC-U）",_xlfn.XLOOKUP(D34*E34/$N$3,基础数据!$O$37:$O$46,基础数据!$K$37:$K$46,"建议桥架敷设",1,1),$R$2="聚乙烯（PE）",_xlfn.XLOOKUP(D34*E34/$N$3,基础数据!$O$51:$O$62,基础数据!$K$51:$K$62,"建议桥架敷设",1,1),$R$2="双壁波纹管",_xlfn.XLOOKUP(D34*E34/$N$3,基础数据!$O$67:$O$72,基础数据!$K$67:$K$72,"建议桥架敷设",1,1),$R$2="套接扣压式薄壁钢导管（KBG）",_xlfn.XLOOKUP(D34*E34/$N$3,基础数据!$O$106:$O$110,基础数据!$K$106:$K$110,"建议桥架敷设",1,1)) -> - | I34: =(H34/2)^2*PI() -> 0 | K34: =_xlfn.IFS(J34=0,"-",$R$2="低压流体输送用焊接钢管（SC）",_xlfn.XLOOKUP(I34*J34/$N$3,基础数据!$O$4:$O$15,基础数据!$K$4:$K$15,"建议桥架敷设",1,1),$R$2="套接紧定式钢管（JDG）",_xlfn.XLOOKUP(I34*J34/$N$3,基础数据!$O$16:$O$21,基础数据!$K$16:$K$21,"建议桥架敷设",1,1),$R$2="聚氯乙烯硬质电线管（PC）",_xlfn.XLOOKUP(I34*J34/$N$3,基础数据!$O$22:$O$27,基础数据!$K$22:$K$27,"建议桥架敷设",1,1),$R$2="聚氯乙烯半硬质电线管（FPC）",_xlfn.XLOOKUP(I34*J34/$N$3,基础数据!$O$28:$O$33,基础数据!$K$28:$K$33,"建议桥架敷设",1,1),$R$2="聚氯乙烯（PVC-U）",_xlfn.XLOOKUP(I34*J34/$N$3,基础数据!$O$37:$O$46,基础数据!$K$37:$K$46,"建议桥架敷设",1,1),$R$2="聚乙烯（PE）",_xlfn.XLOOKUP(I34*J34/$N$3,基础数据!$O$51:$O$62,基础数据!$K$51:$K$62,"建议桥架敷设",1,1),$R$2="双壁波纹管",_xlfn.XLOOKUP(I34*J34/$N$3,基础数据!$O$67:$O$72,基础数据!$K$67:$K$72,"建议桥架敷设",1,1),$R$2="套接扣压式薄壁钢导管（KBG）",_xlfn.XLOOKUP(I34*J34/$N$3,基础数据!$O$106:$O$110,基础数据!$K$106:$K$110,"建议桥架敷设",1,1)) -> - | L34: =飞鹤!A9 -> RVS-2*2.5 | M34: =飞鹤!B9 -> 8.2 | N34: =(M34/2)^2*PI() -> 52.810173 | P34: =_xlfn.IFS(O34=0,"-",$R$2="低压流体输送用焊接钢管（SC）",_xlfn.XLOOKUP(N34*O34/$N$3,基础数据!$O$4:$O$15,基础数据!$K$4:$K$15,"建议桥架敷设",1,1),$R$2="套接紧定式钢管（JDG）",_xlfn.XLOOKUP(N34*O34/$N$3,基础数据!$O$16:$O$21,基础数据!$K$16:$K$21,"建议桥架敷设",1,1),$R$2="聚氯乙烯硬质电线管（PC）",_xlfn.XLOOKUP(N34*O34/$N$3,基础数据!$O$22:$O$27,基础数据!$K$22:$K$27,"建议桥架敷设",1,1),$R$2="聚氯乙烯半硬质电线管（FPC）",_xlfn.XLOOKUP(N34*O34/$N$3,基础数据!$O$28:$O$33,基础数据!$K$28:$K$33,"建议桥架敷设",1,1),$R$2="聚氯乙烯（PVC-U）",_xlfn.XLOOKUP(N34*O34/$N$3,基础数据!$O$37:$O$46,基础数据!$K$37:$K$46,"建议桥架敷设",1,1),$R$2="聚乙烯（PE）",_xlfn.XLOOKUP(N34*O34/$N$3,基础数据!$O$51:$O$62,基础数据!$K$51:$K$62,"建议桥架敷设",1,1),$R$2="双壁波纹管",_xlfn.XLOOKUP(N34*O34/$N$3,基础数据!$O$67:$O$72,基础数据!$K$67:$K$72,"建议桥架敷设",1,1),$R$2="套接扣压式薄壁钢导管（KBG）",_xlfn.XLOOKUP(N34*O34/$N$3,基础数据!$O$106:$O$110,基础数据!$K$106:$K$110,"建议桥架敷设",1,1)) -> - | Q34: =飞鹤!A164 -> RVSP-2*2.5 | R34: =飞鹤!B164 -> 11.5 | S34: =(R34/2)^2*PI() -> 103.86891 | U34: =_xlfn.IFS(T34=0,"-",$R$2="低压流体输送用焊接钢管（SC）",_xlfn.XLOOKUP(S34*T34/$N$3,基础数据!$O$4:$O$15,基础数据!$K$4:$K$15,"建议桥架敷设",1,1),$R$2="套接紧定式钢管（JDG）",_xlfn.XLOOKUP(S34*T34/$N$3,基础数据!$O$16:$O$21,基础数据!$K$16:$K$21,"建议桥架敷设",1,1),$R$2="聚氯乙烯硬质电线管（PC）",_xlfn.XLOOKUP(S34*T34/$N$3,基础数据!$O$22:$O$27,基础数据!$K$22:$K$27,"建议桥架敷设",1,1),$R$2="聚氯乙烯半硬质电线管（FPC）",_xlfn.XLOOKUP(S34*T34/$N$3,基础数据!$O$28:$O$33,基础数据!$K$28:$K$33,"建议桥架敷设",1,1),$R$2="聚氯乙烯（PVC-U）",_xlfn.XLOOKUP(S34*T34/$N$3,基础数据!$O$37:$O$46,基础数据!$K$37:$K$46,"建议桥架敷设",1,1),$R$2="聚乙烯（PE）",_xlfn.XLOOKUP(S34*T34/$N$3,基础数据!$O$51:$O$62,基础数据!$K$51:$K$62,"建议桥架敷设",1,1),$R$2="双壁波纹管",_xlfn.XLOOKUP(S34*T34/$N$3,基础数据!$O$67:$O$72,基础数据!$K$67:$K$72,"建议桥架敷设",1,1),$R$2="套接扣压式薄壁钢导管（KBG）",_xlfn.XLOOKUP(S34*T34/$N$3,基础数据!$O$106:$O$110,基础数据!$K$106:$K$110,"建议桥架敷设",1,1)) -> - | V34: 电梯随行电缆 | W34: 外径 | X34: 截面积 | Y34: 根数 | Z34: 建议管径
D35: =(C35/2)^2*PI() -> 0 | F35: =_xlfn.IFS(E35=0,"-",$R$2="低压流体输送用焊接钢管（SC）",_xlfn.XLOOKUP(D35*E35/$N$3,基础数据!$O$4:$O$15,基础数据!$K$4:$K$15,"建议桥架敷设",1,1),$R$2="套接紧定式钢管（JDG）",_xlfn.XLOOKUP(D35*E35/$N$3,基础数据!$O$16:$O$21,基础数据!$K$16:$K$21,"建议桥架敷设",1,1),$R$2="聚氯乙烯硬质电线管（PC）",_xlfn.XLOOKUP(D35*E35/$N$3,基础数据!$O$22:$O$27,基础数据!$K$22:$K$27,"建议桥架敷设",1,1),$R$2="聚氯乙烯半硬质电线管（FPC）",_xlfn.XLOOKUP(D35*E35/$N$3,基础数据!$O$28:$O$33,基础数据!$K$28:$K$33,"建议桥架敷设",1,1),$R$2="聚氯乙烯（PVC-U）",_xlfn.XLOOKUP(D35*E35/$N$3,基础数据!$O$37:$O$46,基础数据!$K$37:$K$46,"建议桥架敷设",1,1),$R$2="聚乙烯（PE）",_xlfn.XLOOKUP(D35*E35/$N$3,基础数据!$O$51:$O$62,基础数据!$K$51:$K$62,"建议桥架敷设",1,1),$R$2="双壁波纹管",_xlfn.XLOOKUP(D35*E35/$N$3,基础数据!$O$67:$O$72,基础数据!$K$67:$K$72,"建议桥架敷设",1,1),$R$2="套接扣压式薄壁钢导管（KBG）",_xlfn.XLOOKUP(D35*E35/$N$3,基础数据!$O$106:$O$110,基础数据!$K$106:$K$110,"建议桥架敷设",1,1)) -> - | I35: =(H35/2)^2*PI() -> 0 | K35: =_xlfn.IFS(J35=0,"-",$R$2="低压流体输送用焊接钢管（SC）",_xlfn.XLOOKUP(I35*J35/$N$3,基础数据!$O$4:$O$15,基础数据!$K$4:$K$15,"建议桥架敷设",1,1),$R$2="套接紧定式钢管（JDG）",_xlfn.XLOOKUP(I35*J35/$N$3,基础数据!$O$16:$O$21,基础数据!$K$16:$K$21,"建议桥架敷设",1,1),$R$2="聚氯乙烯硬质电线管（PC）",_xlfn.XLOOKUP(I35*J35/$N$3,基础数据!$O$22:$O$27,基础数据!$K$22:$K$27,"建议桥架敷设",1,1),$R$2="聚氯乙烯半硬质电线管（FPC）",_xlfn.XLOOKUP(I35*J35/$N$3,基础数据!$O$28:$O$33,基础数据!$K$28:$K$33,"建议桥架敷设",1,1),$R$2="聚氯乙烯（PVC-U）",_xlfn.XLOOKUP(I35*J35/$N$3,基础数据!$O$37:$O$46,基础数据!$K$37:$K$46,"建议桥架敷设",1,1),$R$2="聚乙烯（PE）",_xlfn.XLOOKUP(I35*J35/$N$3,基础数据!$O$51:$O$62,基础数据!$K$51:$K$62,"建议桥架敷设",1,1),$R$2="双壁波纹管",_xlfn.XLOOKUP(I35*J35/$N$3,基础数据!$O$67:$O$72,基础数据!$K$67:$K$72,"建议桥架敷设",1,1),$R$2="套接扣压式薄壁钢导管（KBG）",_xlfn.XLOOKUP(I35*J35/$N$3,基础数据!$O$106:$O$110,基础数据!$K$106:$K$110,"建议桥架敷设",1,1)) -> - | N35: =(M35/2)^2*PI() -> 0 | P35: =_xlfn.IFS(O35=0,"-",$R$2="低压流体输送用焊接钢管（SC）",_xlfn.XLOOKUP(N35*O35/$N$3,基础数据!$O$4:$O$15,基础数据!$K$4:$K$15,"建议桥架敷设",1,1),$R$2="套接紧定式钢管（JDG）",_xlfn.XLOOKUP(N35*O35/$N$3,基础数据!$O$16:$O$21,基础数据!$K$16:$K$21,"建议桥架敷设",1,1),$R$2="聚氯乙烯硬质电线管（PC）",_xlfn.XLOOKUP(N35*O35/$N$3,基础数据!$O$22:$O$27,基础数据!$K$22:$K$27,"建议桥架敷设",1,1),$R$2="聚氯乙烯半硬质电线管（FPC）",_xlfn.XLOOKUP(N35*O35/$N$3,基础数据!$O$28:$O$33,基础数据!$K$28:$K$33,"建议桥架敷设",1,1),$R$2="聚氯乙烯（PVC-U）",_xlfn.XLOOKUP(N35*O35/$N$3,基础数据!$O$37:$O$46,基础数据!$K$37:$K$46,"建议桥架敷设",1,1),$R$2="聚乙烯（PE）",_xlfn.XLOOKUP(N35*O35/$N$3,基础数据!$O$51:$O$62,基础数据!$K$51:$K$62,"建议桥架敷设",1,1),$R$2="双壁波纹管",_xlfn.XLOOKUP(N35*O35/$N$3,基础数据!$O$67:$O$72,基础数据!$K$67:$K$72,"建议桥架敷设",1,1),$R$2="套接扣压式薄壁钢导管（KBG）",_xlfn.XLOOKUP(N35*O35/$N$3,基础数据!$O$106:$O$110,基础数据!$K$106:$K$110,"建议桥架敷设",1,1)) -> - | S35: =(R35/2)^2*PI() -> 0 | U35: =_xlfn.IFS(T35=0,"-",$R$2="低压流体输送用焊接钢管（SC）",_xlfn.XLOOKUP(S35*T35/$N$3,基础数据!$O$4:$O$15,基础数据!$K$4:$K$15,"建议桥架敷设",1,1),$R$2="套接紧定式钢管（JDG）",_xlfn.XLOOKUP(S35*T35/$N$3,基础数据!$O$16:$O$21,基础数据!$K$16:$K$21,"建议桥架敷设",1,1),$R$2="聚氯乙烯硬质电线管（PC）",_xlfn.XLOOKUP(S35*T35/$N$3,基础数据!$O$22:$O$27,基础数据!$K$22:$K$27,"建议桥架敷设",1,1),$R$2="聚氯乙烯半硬质电线管（FPC）",_xlfn.XLOOKUP(S35*T35/$N$3,基础数据!$O$28:$O$33,基础数据!$K$28:$K$33,"建议桥架敷设",1,1),$R$2="聚氯乙烯（PVC-U）",_xlfn.XLOOKUP(S35*T35/$N$3,基础数据!$O$37:$O$46,基础数据!$K$37:$K$46,"建议桥架敷设",1,1),$R$2="聚乙烯（PE）",_xlfn.XLOOKUP(S35*T35/$N$3,基础数据!$O$51:$O$62,基础数据!$K$51:$K$62,"建议桥架敷设",1,1),$R$2="双壁波纹管",_xlfn.XLOOKUP(S35*T35/$N$3,基础数据!$O$67:$O$72,基础数据!$K$67:$K$72,"建议桥架敷设",1,1),$R$2="套接扣压式薄壁钢导管（KBG）",_xlfn.XLOOKUP(S35*T35/$N$3,基础数据!$O$106:$O$110,基础数据!$K$106:$K$110,"建议桥架敷设",1,1)) -> - | V35: =天诚!B80 -> TUTP-G1 | W35: 22 | X35: =天诚!D80 -> 187 | Z35: =_xlfn.IFS(Y35=0,"-",$R$2="低压流体输送用焊接钢管（SC）",_xlfn.XLOOKUP(X35*Y35/$N$3,基础数据!$O$4:$O$15,基础数据!$K$4:$K$15,"建议桥架敷设",1,1),$R$2="套接紧定式钢管（JDG）",_xlfn.XLOOKUP(X35*Y35/$N$3,基础数据!$O$16:$O$21,基础数据!$K$16:$K$21,"建议桥架敷设",1,1),$R$2="聚氯乙烯硬质电线管（PC）",_xlfn.XLOOKUP(X35*Y35/$N$3,基础数据!$O$22:$O$27,基础数据!$K$22:$K$27,"建议桥架敷设",1,1),$R$2="聚氯乙烯半硬质电线管（FPC）",_xlfn.XLOOKUP(X35*Y35/$N$3,基础数据!$O$28:$O$33,基础数据!$K$28:$K$33,"建议桥架敷设",1,1),$R$2="聚氯乙烯（PVC-U）",_xlfn.XLOOKUP(X35*Y35/$N$3,基础数据!$O$37:$O$46,基础数据!$K$37:$K$46,"建议桥架敷设",1,1),$R$2="聚乙烯（PE）",_xlfn.XLOOKUP(X35*Y35/$N$3,基础数据!$O$51:$O$62,基础数据!$K$51:$K$62,"建议桥架敷设",1,1),$R$2="双壁波纹管",_xlfn.XLOOKUP(X35*Y35/$N$3,基础数据!$O$67:$O$72,基础数据!$K$67:$K$72,"建议桥架敷设",1,1),$R$2="套接扣压式薄壁钢导管（KBG）",_xlfn.XLOOKUP(X35*Y35/$N$3,基础数据!$O$106:$O$110,基础数据!$K$106:$K$110,"建议桥架敷设",1,1)) -> -
D36: =(C36/2)^2*PI() -> 0 | F36: =_xlfn.IFS(E36=0,"-",$R$2="低压流体输送用焊接钢管（SC）",_xlfn.XLOOKUP(D36*E36/$N$3,基础数据!$O$4:$O$15,基础数据!$K$4:$K$15,"建议桥架敷设",1,1),$R$2="套接紧定式钢管（JDG）",_xlfn.XLOOKUP(D36*E36/$N$3,基础数据!$O$16:$O$21,基础数据!$K$16:$K$21,"建议桥架敷设",1,1),$R$2="聚氯乙烯硬质电线管（PC）",_xlfn.XLOOKUP(D36*E36/$N$3,基础数据!$O$22:$O$27,基础数据!$K$22:$K$27,"建议桥架敷设",1,1),$R$2="聚氯乙烯半硬质电线管（FPC）",_xlfn.XLOOKUP(D36*E36/$N$3,基础数据!$O$28:$O$33,基础数据!$K$28:$K$33,"建议桥架敷设",1,1),$R$2="聚氯乙烯（PVC-U）",_xlfn.XLOOKUP(D36*E36/$N$3,基础数据!$O$37:$O$46,基础数据!$K$37:$K$46,"建议桥架敷设",1,1),$R$2="聚乙烯（PE）",_xlfn.XLOOKUP(D36*E36/$N$3,基础数据!$O$51:$O$62,基础数据!$K$51:$K$62,"建议桥架敷设",1,1),$R$2="双壁波纹管",_xlfn.XLOOKUP(D36*E36/$N$3,基础数据!$O$67:$O$72,基础数据!$K$67:$K$72,"建议桥架敷设",1,1),$R$2="套接扣压式薄壁钢导管（KBG）",_xlfn.XLOOKUP(D36*E36/$N$3,基础数据!$O$106:$O$110,基础数据!$K$106:$K$110,"建议桥架敷设",1,1)) -> - | I36: =(H36/2)^2*PI() -> 0 | K36: =_xlfn.IFS(J36=0,"-",$R$2="低压流体输送用焊接钢管（SC）",_xlfn.XLOOKUP(I36*J36/$N$3,基础数据!$O$4:$O$15,基础数据!$K$4:$K$15,"建议桥架敷设",1,1),$R$2="套接紧定式钢管（JDG）",_xlfn.XLOOKUP(I36*J36/$N$3,基础数据!$O$16:$O$21,基础数据!$K$16:$K$21,"建议桥架敷设",1,1),$R$2="聚氯乙烯硬质电线管（PC）",_xlfn.XLOOKUP(I36*J36/$N$3,基础数据!$O$22:$O$27,基础数据!$K$22:$K$27,"建议桥架敷设",1,1),$R$2="聚氯乙烯半硬质电线管（FPC）",_xlfn.XLOOKUP(I36*J36/$N$3,基础数据!$O$28:$O$33,基础数据!$K$28:$K$33,"建议桥架敷设",1,1),$R$2="聚氯乙烯（PVC-U）",_xlfn.XLOOKUP(I36*J36/$N$3,基础数据!$O$37:$O$46,基础数据!$K$37:$K$46,"建议桥架敷设",1,1),$R$2="聚乙烯（PE）",_xlfn.XLOOKUP(I36*J36/$N$3,基础数据!$O$51:$O$62,基础数据!$K$51:$K$62,"建议桥架敷设",1,1),$R$2="双壁波纹管",_xlfn.XLOOKUP(I36*J36/$N$3,基础数据!$O$67:$O$72,基础数据!$K$67:$K$72,"建议桥架敷设",1,1),$R$2="套接扣压式薄壁钢导管（KBG）",_xlfn.XLOOKUP(I36*J36/$N$3,基础数据!$O$106:$O$110,基础数据!$K$106:$K$110,"建议桥架敷设",1,1)) -> - | N36: =(M36/2)^2*PI() -> 0 | P36: =_xlfn.IFS(O36=0,"-",$R$2="低压流体输送用焊接钢管（SC）",_xlfn.XLOOKUP(N36*O36/$N$3,基础数据!$O$4:$O$15,基础数据!$K$4:$K$15,"建议桥架敷设",1,1),$R$2="套接紧定式钢管（JDG）",_xlfn.XLOOKUP(N36*O36/$N$3,基础数据!$O$16:$O$21,基础数据!$K$16:$K$21,"建议桥架敷设",1,1),$R$2="聚氯乙烯硬质电线管（PC）",_xlfn.XLOOKUP(N36*O36/$N$3,基础数据!$O$22:$O$27,基础数据!$K$22:$K$27,"建议桥架敷设",1,1),$R$2="聚氯乙烯半硬质电线管（FPC）",_xlfn.XLOOKUP(N36*O36/$N$3,基础数据!$O$28:$O$33,基础数据!$K$28:$K$33,"建议桥架敷设",1,1),$R$2="聚氯乙烯（PVC-U）",_xlfn.XLOOKUP(N36*O36/$N$3,基础数据!$O$37:$O$46,基础数据!$K$37:$K$46,"建议桥架敷设",1,1),$R$2="聚乙烯（PE）",_xlfn.XLOOKUP(N36*O36/$N$3,基础数据!$O$51:$O$62,基础数据!$K$51:$K$62,"建议桥架敷设",1,1),$R$2="双壁波纹管",_xlfn.XLOOKUP(N36*O36/$N$3,基础数据!$O$67:$O$72,基础数据!$K$67:$K$72,"建议桥架敷设",1,1),$R$2="套接扣压式薄壁钢导管（KBG）",_xlfn.XLOOKUP(N36*O36/$N$3,基础数据!$O$106:$O$110,基础数据!$K$106:$K$110,"建议桥架敷设",1,1)) -> - | S36: =(R36/2)^2*PI() -> 0 | U36: =_xlfn.IFS(T36=0,"-",$R$2="低压流体输送用焊接钢管（SC）",_xlfn.XLOOKUP(S36*T36/$N$3,基础数据!$O$4:$O$15,基础数据!$K$4:$K$15,"建议桥架敷设",1,1),$R$2="套接紧定式钢管（JDG）",_xlfn.XLOOKUP(S36*T36/$N$3,基础数据!$O$16:$O$21,基础数据!$K$16:$K$21,"建议桥架敷设",1,1),$R$2="聚氯乙烯硬质电线管（PC）",_xlfn.XLOOKUP(S36*T36/$N$3,基础数据!$O$22:$O$27,基础数据!$K$22:$K$27,"建议桥架敷设",1,1),$R$2="聚氯乙烯半硬质电线管（FPC）",_xlfn.XLOOKUP(S36*T36/$N$3,基础数据!$O$28:$O$33,基础数据!$K$28:$K$33,"建议桥架敷设",1,1),$R$2="聚氯乙烯（PVC-U）",_xlfn.XLOOKUP(S36*T36/$N$3,基础数据!$O$37:$O$46,基础数据!$K$37:$K$46,"建议桥架敷设",1,1),$R$2="聚乙烯（PE）",_xlfn.XLOOKUP(S36*T36/$N$3,基础数据!$O$51:$O$62,基础数据!$K$51:$K$62,"建议桥架敷设",1,1),$R$2="双壁波纹管",_xlfn.XLOOKUP(S36*T36/$N$3,基础数据!$O$67:$O$72,基础数据!$K$67:$K$72,"建议桥架敷设",1,1),$R$2="套接扣压式薄壁钢导管（KBG）",_xlfn.XLOOKUP(S36*T36/$N$3,基础数据!$O$106:$O$110,基础数据!$K$106:$K$110,"建议桥架敷设",1,1)) -> - | V36: =天诚!B81 -> TGDFH2B6+2*1.0-G1 | W36: 19.5 | X36: =天诚!D81 -> 87.75 | Z36: =_xlfn.IFS(Y36=0,"-",$R$2="低压流体输送用焊接钢管（SC）",_xlfn.XLOOKUP(X36*Y36/$N$3,基础数据!$O$4:$O$15,基础数据!$K$4:$K$15,"建议桥架敷设",1,1),$R$2="套接紧定式钢管（JDG）",_xlfn.XLOOKUP(X36*Y36/$N$3,基础数据!$O$16:$O$21,基础数据!$K$16:$K$21,"建议桥架敷设",1,1),$R$2="聚氯乙烯硬质电线管（PC）",_xlfn.XLOOKUP(X36*Y36/$N$3,基础数据!$O$22:$O$27,基础数据!$K$22:$K$27,"建议桥架敷设",1,1),$R$2="聚氯乙烯半硬质电线管（FPC）",_xlfn.XLOOKUP(X36*Y36/$N$3,基础数据!$O$28:$O$33,基础数据!$K$28:$K$33,"建议桥架敷设",1,1),$R$2="聚氯乙烯（PVC-U）",_xlfn.XLOOKUP(X36*Y36/$N$3,基础数据!$O$37:$O$46,基础数据!$K$37:$K$46,"建议桥架敷设",1,1),$R$2="聚乙烯（PE）",_xlfn.XLOOKUP(X36*Y36/$N$3,基础数据!$O$51:$O$62,基础数据!$K$51:$K$62,"建议桥架敷设",1,1),$R$2="双壁波纹管",_xlfn.XLOOKUP(X36*Y36/$N$3,基础数据!$O$67:$O$72,基础数据!$K$67:$K$72,"建议桥架敷设",1,1),$R$2="套接扣压式薄壁钢导管（KBG）",_xlfn.XLOOKUP(X36*Y36/$N$3,基础数据!$O$106:$O$110,基础数据!$K$106:$K$110,"建议桥架敷设",1,1)) -> -

Sheet 基础数据
A1: 19DX101-1 表14.2 同轴电缆规格 | E1: 19DX101-1 表6.55 0.45/0.75KV BV、BV-105、ZR-BV、NH-BV、WDZ-BYJ(F)、WDZN-BYJ(F)、WDZ-GYJS(F)、WDZN-GYJS(F)电线外径与截面积关系表 | J1: 19DX101-1 表6.61 管材规格 | U1: 常用桥架规格
A2: 电缆型号 | B2: 最大外径 （mm） | C2: 电缆截面积 （mm2） | E2: 线缆型号 0.45/0.75KV | G2: 参考外径 （mm） | H2: 电缆截面积 （mm2） | J2: 管材种类 （标注代号） | K2: 公称口径 （mm） | L2: 外径 （mm） | M2: 最小公称壁厚 （mm） | N2: 内径 （mm） | O2: 内孔截面积 （mm2） | P2: 电线电缆可占用内孔截面积（mm2） | U2: 桥架规格 | V2: 宽 （mm） | W2: 高 （mm） | X2: 截面积（mm2）
A3: SYV-75-5 | B3: 7.5 | C3: 44 | E3: BV、BV-105、ZR-BV、NH-BV、WDZ-BYJ(F)、WDZN-BYJ(F)、WDZ-GYJS(F)、WDZN-GYJS(F) | F3: 1 | G3: 3.1 | H3: 8 | P3: 0.4 | Q3: 0.33 | R3: 0.275 | S3: 0.22
A4: SYV-75-7 | B4: 11.6 | C4: 106 | F4: 1.5 | G4: 3.8 | H4: 11 | J4: 低压流体输送用焊接钢管 （SC） | K4: DN15 | L4: 21.3 | M4: 2.2 | N4: 16.9 | O4: 224 | P4: 89 | Q4: 73 | R4: 61 | S4: 49 | U4: 50*50 | V4: 50 | W4: 50 | X4: =V4*W4 -> 2500
A5: SYV-75-9 | B5: 12.6 | C5: 125 | F5: 2.5 | G5: 4.4 | H5: 15 | K5: DN20 | L5: 26.9 | M5: 2.2 | N5: 22.5 | O5: 397 | P5: 158 | Q5: 131 | R5: 109 | S5: 87 | U5: 100*50 | V5: 100 | W5: 50 | X5: =V5*W5 -> 5000
A6: SYV-75-12 | B6: 15.4 | C6: 186 | F6: 4 | G6: 4.9 | H6: 19 | K6: DN25 | L6: 33.7 | M6: 2.5 | N6: 28.7 | O6: 646 | P6: 258 | Q6: 213 | R6: 177 | S6: 142 | U6: 100*100 | V6: 100 | W6: 100 | X6: =V6*W6 -> 10000
A7: SYWV-75-5 | B7: 7.5 | C7: 44 | F7: 6 | G7: 5.4 | H7: 23 | K7: DN32 | L7: 42.4 | M7: 2.5 | N7: 37.4 | O7: 1098 | P7: 439 | Q7: 362 | R7: 301 | S7: 241 | U7: 150*100 | V7: 150 | W7: 100 | X7: =V7*W7 -> 15000
A8: SYWV-75-7 | B8: 10.6 | C8: 88 | F8: 10 | G8: 7 | H8: 38 | K8: DN40 | L8: 48.3 | M8: 2.75 | N8: 42.8 | O8: 1437 | P8: 574 | Q8: 474 | R8: 395 | S8: 316 | U8: 200*100 | V8: 200 | W8: 100 | X8: =V8*W8 -> 20000
A9: SYWV-75-9 | B9: 12.6 | C9: 125 | F9: 16 | G9: 8.1 | H9: 52 | K9: DN50 | L9: 60.3 | M9: 3 | N9: 54.3 | O9: 2314 | P9: 925 | Q9: 763 | R9: 636 | S9: 509 | U9: 300*100 | V9: 300 | W9: 100 | X9: =V9*W9 -> 30000
A10: SYWLV-75-9 | B10: 12.6 | C10: 125 | F10: 25 | G10: 10.2 | H10: 82 | K10: DN65 | L10: 76.1 | M10: 3 | N10: 70.1 | O10: 3857 | P10: 1542 | Q10: 1272 | R10: 1060 | S10: 848 | U10: 400*100 | V10: 400 | W10: 100 | X10: =V10*W10 -> 40000
A11: SYWLV-75-12 | B11: 15.4 | C11: 186 | F11: 35 | G11: 11.7 | H11: 107 | K11: DN80 | L11: 88.9 | M11: 3.25 | N11: 82.4 | O11: 5329 | P11: 2131 | Q11: 1758 | R11: 1465 | S11: 1172 | U11: 300*150 | V11: 300 | W11: 150 | X11: =V11*W11 -> 45000
A12: SYDLY-75-9 | B12: 11.9 | C12: 111 | F12: 50 | G12: 13.9 | H12: 152 | K12: DN100 | L12: 114.3 | M12: 3.25 | N12: 107.8 | O12: 9122 | P12: 3648 | Q12: 3010 | R12: 2508 | S12: 2006 | U12: 500*100 | V12: 500 | W12: 100 | X12: =V12*W12 -> 50000
A13: SYDLY-75-12 | B13: 15 | C13: 177 | F13: 70 | G13: 16 | H13: 201 | K13: DN125 | L13: 139.7 | M13: 3.5 | N13: 132.7 | O13: 13823 | P13: 5529 | Q13: 4561 | R13: 3801 | S13: 3041 | U13: 300*200 | V13: 300 | W13: 200 | X13: =V13*W13 -> 60000
A14: SYDLY-75-14 | B14: 16.7 | C14: 219 | F14: 95 | G14: 18.2 | H14: 260 | K14: DN150 | L14: 165.1 | M14: 3.5 | N14: 158.1 | O14: 19621 | P14: 7848 | Q14: 6474 | R14: 5395 | S14: 4316 | U14: 400*150 | V14: 400 | W14: 150 | X14: =V14*W14 -> 60000
A15: 19DX101-1 表14.3 HYA型电话电缆规格 | F15: 120 | G15: 20.2 | H15: 320 | K15: DN200 | L15: 219.1 | M15: 4 | N15: 211.1 | O15: 34982 | P15: 13992 | Q15: 11544 | R15: 9620 | S15: 7696 | U15: 600*100 | V15: 600 | W15: 100 | X15: =V15*W15 -> 60000
A16: 电缆型号 | B16: 最大外径 （mm） | C16: 电缆截面积 （mm2） | F16: 150 | G16: 22.5 | H16: 397 | J16: 套接紧定式钢管 （JDG） CECS 120:2007 | K16: Φ16 | L16: 16 | M16: 1.5 | N16: 13 | O16: 132 | P16: 53 | Q16: 43 | R16: 36 | S16: 29 | U16: 500*150 | V16: 500 | W16: 150 | X16: =V16*W16 -> 75000
A17: HYA-5*2*0.5 | B17: 11.5 | C17: 104 | F17: 185 | G17: 24.9 | H17: 487 | K17: Φ20 | L17: 20 | M17: 1.6 | N17: 16.8 | O17: 222 | P17: 88 | Q17: 73 | R17: 61 | S17: 49 | U17: 400*200 | V17: 400 | W17: 200 | X17: =V17*W17 -> 80000
A18: HYA-10*2*0.5 | B18: 12.5 | C18: 123 | F18: 240 | G18: 28.4 | H18: 633 | K18: Φ25 | L18: 25 | M18: 1.6 | N18: 21.8 | O18: 373 | P18: 149 | Q18: 123 | R18: 103 | S18: 82 | U18: 800*100 | V18: 800 | W18: 100 | X18: =V18*W18 -> 80000
A19: HYA-15*2*0.5 | B19: 14.5 | C19: 165 | E19: 19DX101-1 表6.56 电力电缆外径与截面积关系表 | K19: Φ32 | L19: 32 | M19: 1.6 | N19: 28.8 | O19: 651 | P19: 260 | Q19: 215 | R19: 179 | S19: 143 | U19: 600*150 | V19: 600 | W19: 150 | X19: =V19*W19 -> 90000
A20: HYA-20*2*0.5 | B20: 15 | C20: 177 | E20: 线缆型号 0.6/1KV | G20: 参考外径 （mm） | H20: 电缆截面积 （mm2） | K20: Φ40 | L20: 40 | M20: 1.6 | N20: 36.8 | O20: 1063 | P20: 425 | Q20: 351 | R20: 292 | S20: 234 | U20: 500*200 | V20: 500 | W20: 200 | X20: =V20*W20 -> 100000
A21: HYA-25*2*0.5 | B21: 16 | C21: 201 | E21: YJV、YJLV、ZR-YJV、WDZ-YJ(F)E | F21: 5*2.5 | G21: 13.5 | H21: 143 | K21: Φ50 | L21: 50 | M21: 1.6 | N21: 46.8 | O21: 1719 | P21: 687 | Q21: 567 | R21: 472 | S21: 378 | U21: 1000*100 | V21: 1000 | W21: 100 | X21: =V21*W21 -> 100000
A22: HYA-30*2*0.5 | B22: 17 | C22: 227 | F22: 5*4 | G22: 14.8 | H22: 172 | J22: 聚氯乙烯硬质电线管 （PC） GA 305-2001 | K22: Φ16 | L22: 16 | M22: 1.9 | N22: 12.2 | O22: 117 | P22: 47 | Q22: 39 | R22: 32 | S22: 26 | U22: 600*200 | V22: 600 | W22: 200 | X22: =V22*W22 -> 120000
A23: HYA-50*2*0.5 | B23: 20 | C23: 314 | F23: 5*6 | G23: 16.1 | H23: 204 | K23: Φ20 | L23: 20 | M23: 2.1 | N23: 15.8 | O23: 196 | P23: 78 | Q23: 65 | R23: 54 | S23: 43 | U23: 800*150 | V23: 800 | W23: 150 | X23: =V23*W23 -> 120000
A24: HYA-100*2*0.5 | B24: 25.5 | C24: 511 | F24: 5*10 | G24: 19.6 | H24: 302 | K24: Φ25 | L24: 25 | M24: 2.2 | N24: 20.6 | O24: 333 | P24: 133 | Q24: 110 | R24: 92 | S24: 73 | U24: 1000*150 | V24: 1000 | W24: 150 | X24: =V24*W24 -> 150000
A25: HYA-200*2*0.5 | B25: 32.5 | C25: 830 | F25: 5*18 | G25: 22.4 | H25: 394 | K25: Φ32 | L25: 32 | M25: 2.7 | N25: 26.6 | O25: 556 | P25: 222 | Q25: 183 | R25: 153 | S25: 122 | U25: 800*200 | V25: 800 | W25: 200 | X25: =V25*W25 -> 160000
A26: HYA-300*2*0.5 | B26: 38 | C26: 1134 | F26: 4*25+1*16 | G26: 26.2 | H26: 539 | K26: Φ40 | L26: 40 | M26: 2.8 | N26: 34.4 | O26: 929 | P26: 371 | Q26: 307 | R26: 255 | S26: 204 | U26: 1000*200 | V26: 1000 | W26: 200 | X26: =V26*W26 -> 200000
A27: HYA-400*2*0.5 | B27: 43.5 | C27: 1486 | F27: 4*35+1*16 | G27: 28.8 | H27: 651 | K27: Φ50 | L27: 50 | M27: 3.4 | N27: 43.2 | O27: 1465 | P27: 586 | Q27: 483 | R27: 402 | S27: 322
A28: HYA-500*2*0.5 | B28: 47.5 | C28: 1772 | F28: 4*50+1*25 | G28: 33.4 | H28: 876 | J28: 聚氯乙烯半硬质电线管 （FPC） | K28: Φ16 | L28: 16 | M28: 2 | N28: 12 | O28: 113 | P28: 45 | Q28: 37 | R28: 31 | S28: 25 | U28: GB 51348-2019 《民用建筑电气设计标准》26.5.7
A29: 19DX101-1 表14.4 HYAT型电话电缆规格 | F29: 4*70+1*35 | G29: 38.8 | H29: 1182 | K29: Φ20 | L29: 20 | M29: 2 | N29: 16 | O29: 201 | P29: 80 | Q29: 66 | R29: 55 | S29: 44
A30: 电缆型号 | B30: 最大外径 （mm） | C30: 电缆截面积 （mm2） | F30: 4*95+1*50 | G30: 44.1 | H30: 1527 | K30: Φ25 | L30: 25 | M30: 2.5 | N30: 20 | O30: 314 | P30: 125 | Q30: 104 | R30: 86 | S30: 69
A31: HYAT-5*2*0.5 | B31: 12.5 | C31: 123 | F31: 4*120+1*70 | G31: 49.5 | H31: 1924 | K31: Φ32 | L31: 32 | M31: 3 | N31: 26 | O31: 531 | P31: 212 | Q31: 175 | R31: 146 | S31: 117
A32: HYAT-10*2*0.5 | B32: 14 | C32: 154 | F32: 4*150+1*70 | G32: 54.1 | H32: 2298 | K32: Φ40 | L32: 40 | M32: 3 | N32: 34 | O32: 907 | P32: 363 | Q32: 299 | R32: 250 | S32: 200
A33: HYAT-15*2*0.5 | B33: 16 | C33: 201 | F33: 4*185+1*95 | G33: 60.5 | H33: 2873 | K33: Φ50 | L33: 50 | M33: 3 | N33: 44 | O33: 1519 | P33: 608 | Q33: 502 | R33: 418 | S33: 335
A34: HYAT-20*2*0.5 | B34: 17 | C34: 227 | F34: 4*240+1*120 | G34: 68.2 | H34: 3651 | J34: 19DX101-1 表14.36 聚氯乙烯（PVC-U）实壁管管材规格
A35: HYAT-25*2*0.5 | B35: 18 | C35: 254 | E35: VV、VLV、NH-YJV、WDZN-YJ(F)E | F35: 5*2.5 | G35: 15.2 | H35: 181 | J35: 管材种类 （标注代号） | K35: 公称口径 （mm） | L35: 外径 （mm） | M35: 壁厚 （mm） | N35: 内径 （mm） | O35: 内孔截面积 （mm2） | P35: 内孔%时截面积（mm2）
A36: HYAT-30*2*0.5 | B36: 19.5 | C36: 299 | F36: 5*4 | G36: 17.8 | H36: 249 | P36: 0.4 | Q36: 0.33 | R36: 0.275 | S36: 0.22
A37: HYAT-50*2*0.5 | B37: 23 | C37: 415 | F37: 5*6 | G37: 19.2 | H37: 289 | J37: 聚氯乙烯（PVC-U） | K37: Φ40 | L37: 40 | M37: 1.6 | N37: 36.8 | O37: 1064 | P37: 425 | Q37: 351 | R37: 292 | S37: 234
A38: HYAT-100*2*0.5 | B38: 29 | C38: 661 | F38: 5*10 | G38: 22.8 | H38: 408 | K38: Φ50 | L38: 50 | M38: 1.6 | N38: 46.8 | O38: 1720 | P38: 688 | Q38: 568 | R38: 473 | S38: 378
A39: HYAT-200*2*0.5 | B39: 38.5 | C39: 1164 | F39: 5*18 | G39: 25.8 | H39: 523 | K39: Φ63 | L39: 63 | M39: 1.8 | N39: 59.4 | O39: 2771 | P39: 1108 | Q39: 914 | R39: 762 | S39: 610
A40: HYAT-300*2*0.5 | B40: 45.5 | C40: 1626 | F40: 4*25+1*16 | G40: 30.1 | H40: 711 | K40: Φ75 | L40: 75 | M40: 2.8 | N40: 69.4 | O40: 3783 | P40: 1513 | Q40: 1248 | R40: 1040 | S40: 832
A41: HYAT-400*2*0.5 | B41: 52 | C41: 2124 | F41: 4*35+1*16 | G41: 32.7 | H41: 839 | K41: Φ90 | L41: 90 | M41: 2.2 | N41: 85.6 | O41: 5755 | P41: 2302 | Q41: 1899 | R41: 1583 | S41: 1266
A42: HYAT-500*2*0.5 | B42: 56.5 | C42: 2507 | F42: 4*50+1*25 | G42: 37.7 | H42: 1116 | K42: Φ100 | L42: 100 | M42: 2.6 | N42: 94.8 | O42: 7058 | P42: 2823 | Q42: 2329 | R42: 1941 | S42: 1553 | U42: GB 51348-2019 《民用建筑电气设计标准》8.3.3
A43: 19DX101-1 表14.5 光缆规格 | F43: 4*70+1*35 | G43: 41.9 | H43: 1378 | K43: Φ110 | L43: 110 | M43: 2.8 | N43: 104.4 | O43: 8560 | P43: 3424 | Q43: 2825 | R43: 2354 | S43: 1883
A44: 规格 | B44: 参考外径 （mm） | C44: 电缆截面积 （mm2） | F44: 4*95+1*50 | G44: 47.6 | H44: 1779 | K44: Φ125 | L44: 125 | M44: 3.3 | N44: 118.4 | O44: 11010 | P44: 4404 | Q44: 3633 | R44: 3028 | S44: 2422
A45: 2芯室内型 | B45: 5.1 | C45: 20 | F45: 4*120+1*70 | G45: 52 | H45: 2123 | K45: Φ140 | L45: 140 | M45: 3.5 | N45: 133 | O45: 13893 | P45: 5557 | Q45: 4585 | R45: 3821 | S45: 3056
A46: 4芯室内型 | B46: 5.6 | C46: 25 | F46: 4*150+1*70 | G46: 56.8 | H46: 2533 | K46: Φ160 | L46: 160 | M46: 3.8 | N46: 152.4 | O46: 18241 | P46: 7297 | Q46: 6020 | R46: 5016 | S46: 4013
A47: 6芯室内型 | B47: 5.9 | C47: 27 | F47: 4*185+1*95 | G47: 63 | H47: 3116 | J47: 注：表中的数据引自《地下通信管道用塑料管 第2部分：实壁管》YD/T 841.2-2016
A48: 8芯室内型 | B48: 6.1 | C48: 29 | F48: 4*240+1*120 | G48: 70.7 | H48: 3924 | J48: 19DX101-1 表14.37 聚乙烯（PE）实壁管管材规格
A49: 12芯室内型 | B49: 7 | C49: 38 | E49: YJV22、YJLV22 | F49: 5*2.5 | G49: 17 | H49: 227 | J49: 管材种类 （标注代号） | K49: 公称口径 （mm） | L49: 外径 （mm） | M49: 壁厚 （mm） | N49: 内径 （mm） | O49: 内孔截面积 （mm2） | P49: 内孔%时截面积（mm2）
A50: 24芯室内型 | B50: 14.8 | C50: 172 | F50: 5*4 | G50: 18.3 | H50: 263 | P50: 0.4 | Q50: 0.33 | R50: 0.275 | S50: 0.22
A51: 48芯室内型 | B51: 18.3 | C51: 263 | F51: 5*6 | G51: 19.7 | H51: 305 | J51: 聚乙烯（PE） | K51: Φ25 | L51: 25 | M51: 1.8 | N51: 21.4 | O51: 360 | P51: 144 | Q51: 119 | R51: 99 | S51: 79
A52: 72/96芯室内型 | B52: 22 | C52: 380 | F52: 5*10 | G52: 23.2 | H52: 423 | K52: Φ32 | L52: 32 | M52: 1.8 | N52: 28.4 | O52: 633 | P52: 253 | Q52: 209 | R52: 174 | S52: 139
A53: 144芯室内型 | B53: 26.1 | C53: 535 | F53: 5*18 | G53: 26 | H53: 531 | K53: Φ40 | L53: 40 | M53: 2 | N53: 36 | O53: 1018 | P53: 407 | Q53: 336 | R53: 280 | S53: 224
A54: 2~24芯室外型 | B54: 13.3 | C54: 139 | F54: 4*25+1*16 | G54: 30.4 | H54: 725 | K54: Φ50 | L54: 50 | M54: 2.1 | N54: 45.8 | O54: 1647 | P54: 659 | Q54: 544 | R54: 453 | S54: 362
A55: 48/72芯室外型 | B55: 13.9 | C55: 152 | F55: 4*35+1*16 | G55: 34.1 | H55: 913 | K55: Φ63 | L55: 63 | M55: 2.3 | N55: 58.4 | O55: 2679 | P55: 1071 | Q55: 884 | R55: 737 | S55: 589
A56: 96芯室外型 | B56: 15.8 | C56: 196 | F56: 4*50+1*25 | G56: 38.7 | H56: 1176 | K56: Φ75 | L56: 75 | M56: 2.5 | N56: 70 | O56: 3848 | P56: 1539 | Q56: 1270 | R56: 1058 | S56: 847
A57: 144芯室外型 | B57: 20 | C57: 314 | F57: 4*70+1*35 | G57: 44.2 | H57: 1534 | K57: Φ90 | L57: 90 | M57: 2.8 | N57: 84.4 | O57: 5595 | P57: 2238 | Q57: 1846 | R57: 1539 | S57: 1231
A58: 19DX101-1 表14.6 4对对绞电缆规格 | F58: 4*95+1*50 | G58: 49.8 | H58: 1947 | K58: Φ100 | L58: 100 | M58: 3.8 | N58: 92.4 | O58: 6706 | P58: 2682 | Q58: 2213 | R58: 1844 | S58: 1475
A59: 规格 | B59: 参考外径 （mm） | C59: 电缆截面积 （mm2） | F59: 4*120+1*70 | G59: 55.4 | H59: 2409 | K59: Φ110 | L59: 110 | M59: 4.2 | N59: 101.6 | O59: 8107 | P59: 3243 | Q59: 2675 | R59: 2230 | S59: 1784
A60: 5类非屏蔽 | B60: 12.5 | C60: 123 | F60: 4*150+1*70 | G60: 60.1 | H60: 2835 | K60: Φ125 | L60: 125 | M60: 4.4 | N60: 116.2 | O60: 10605 | P60: 4242 | Q60: 3500 | R60: 2916 | S60: 2333 | U60: GB 51348-2019 《民用建筑电气设计标准》8.5.8
A61: 5类屏蔽 | B61: 14 | C61: 154 | F61: 4*185+1*95 | G61: 66.9 | H61: 3513 | K61: Φ140 | L61: 140 | M61: 4.6 | N61: 130.8 | O61: 13437 | P61: 5375 | Q61: 4434 | R61: 3695 | S61: 2956
A62: 6类非屏蔽 | B62: 16 | C62: 201 | F62: 4*240+1*120 | G62: 74.8 | H62: 4392 | K62: Φ160 | L62: 160 | M62: 4.8 | N62: 150.4 | O62: 17766 | P62: 7106 | Q62: 5863 | R62: 4886 | S62: 3908
A63: 6类屏蔽 | B63: 17 | C63: 227 | E63: VV22、VLV22 | F63: 5*2.5 | G63: - | H63: - | J63: 注：表中的数据引自《地下通信管道用塑料管 第2部分：实壁管》YD/T 841.2-2016
A64: 6A类非屏蔽 | B64: 18 | C64: 254 | F64: 5*4 | G64: 21.1 | H64: 349 | J64: 19DX101-1 表14.38 双壁波纹管管材规格
A65: 6A类屏蔽 | B65: 19.5 | C65: 299 | F65: 5*6 | G65: 22.6 | H65: 401 | J65: 管材种类 （标注代号） | K65: 公称口径 （mm） | L65: 外径 （mm） | M65: 壁厚 （mm） | N65: 最小平均内径 （mm） | O65: 内孔截面积 （mm2） | P65: 内孔%时截面积（mm2）
A66: 7类屏蔽 | B66: 23 | C66: 415 | F66: 5*10 | G66: 26.2 | H66: 539 | P66: 0.4 | Q66: 0.33 | R66: 0.275 | S66: 0.22
A67: 7A类屏蔽 | B67: 29 | C67: 661 | F67: 5*18 | G67: 29.3 | H67: 674 | J67: 双壁波纹管 | K67: Φ100 | L67: 100 | M67: - | N67: 86 | O67: 5809 | P67: 2324 | Q67: 1917 | R67: 1597 | S67: 1278
A68: 8类屏蔽 | B68: 38.5 | C68: 1164 | F68: 4*25+1*16 | G68: 34.7 | H68: 945 | K68: Φ110 | L68: 110 | M68: - | N68: 90 | O68: 6362 | P68: 2545 | Q68: 2099 | R68: 1749 | S68: 1400
A69: 19DX101-1 表14.7 大对数电缆（非屏蔽）规格 | F69: 4*35+1*16 | G69: 37.5 | H69: 1104 | K69: Φ125 | L69: 125 | M69: - | N69: 105 | O69: 8659 | P69: 3464 | Q69: 2857 | R69: 2381 | S69: 1905
A70: 规格 | B70: 参考外径 （mm） | C70: 电缆截面积 （mm2） | F70: 4*50+1*25 | G70: 42.4 | H70: 1411 | K70: Φ140 | L70: 140 | M70: - | N70: 118 | O70: 10936 | P70: 4374 | Q70: 3609 | R70: 3007 | S70: 2406
A71: 3类25对大对数 | B71: 11.6 | C71: 106 | F71: 4*70+1*35 | G71: 46.9 | H71: 1727 | K71: Φ160 | L71: 160 | M71: - | N71: 134 | O71: 14103 | P71: 5641 | Q71: 4654 | R71: 3878 | S71: 3103
A72: 3类50对大对数 | B72: 16.5 | C72: 214 | F72: 4*95+1*50 | G72: 52.4 | H72: 2155 | K72: Φ200 | L72: 200 | M72: - | N72: 167 | O72: 21904 | P72: 8762 | Q72: 7228 | R72: 6024 | S72: 4819
A73: 3类100对大对数 | B73: 21.2 | C73: 353 | F73: 4*120+1*70 | G73: 57.1 | H73: 2559 | J73: 注：表中的数据引自《地下通信管道用塑料管 第3部分：双壁波纹管》YD/T 841.3-2016
A74: 5类25对大对数 | B74: 12.5 | C74: 123 | F74: 4*150+1*70 | G74: 61.7 | H74: 2988 | J74: 19DX101-1 表14.39 塑料合金复合型管管材规格
A75: 19DX101-1 表14.8 RVVP、RVVPS型电线规格 | F75: 4*185+1*95 | G75: 67.9 | H75: 3619 | J75: 管材种类 （标注代号） | K75: 公称口径 （mm） | L75: 外径 （mm） | M75: 壁厚 （mm） | N75: 内径 （mm） | O75: 内孔截面积 （mm2） | P75: 内孔%时截面积（mm2）
A76: 线缆型号 | B76: 参考外径 （mm） | C76: 电缆截面积 （mm2） | F76: 4*240+1*120 | G76: 75.3 | H76: 4451 | P76: 0.4 | Q76: 0.33 | R76: 0.275 | S76: 0.22
A77: RVVP-2*1.0 | B77: 8.2 | C77: 53 | E77: 天正电气 电力电缆 | J77: 塑料合金复合型管 | K77: Φ62 | L77: 62 | M77: 2 | N77: 58 | O77: 2642 | P77: 1057 | Q77: 872 | R77: 727 | S77: 581
A78: RVVP-3*1.0 | B78: 9.1 | C78: 65 | E78: 线缆型号 | G78: 参考外径 （mm） | H78: 电缆截面积 （mm2） | K78: Φ92 | L78: 92 | M78: 3.2 | N78: 85.6 | O78: 5755 | P78: 2302 | Q78: 1899 | R78: 1583 | S78: 1266
A79: RVVP-5*1.0 | B79: 11.3 | C79: 100 | E79: 3芯电力电缆 | F79: 2.5 | G79: 12.2 | H79: =ROUND((G79/2)^2*PI(),2) -> 116.9 | K79: Φ110 | L79: 110 | M79: 4 | N79: 102 | O79: 8171 | P79: 3269 | Q79: 2697 | R79: 2247 | S79: 1798
A80: RVVP-7*1.0 | B80: 12.4 | C80: 121 | F80: 4 | G80: 12.8 | H80: =ROUND((G80/2)^2*PI(),2) -> 128.68 | J80: 注：表中的数据引自《地下通信管道用塑料管 第8部分：塑料合金复合型管》YD/T 841.8-2014
A81: RVVP-10*1.0 | B81: 15.5 | C81: 189 | F81: 6 | G81: 13.6 | H81: =ROUND((G81/2)^2*PI(),2) -> 145.27 | J81: 19DX101-1 表14.40 硅芯管管材规格
A82: RVVP-12*1.0 | B82: 16 | C82: 201 | F82: 10 | G82: 16.2 | H82: =ROUND((G82/2)^2*PI(),2) -> 206.12 | J82: 管材种类 （标注代号） | K82: 公称口径 （mm） | L82: 外径 （mm） | M82: 壁厚 （mm） | N82: 内径 （mm） | O82: 内孔截面积 （mm2） | P82: 内孔%时截面积（mm2）
A83: RVVP-2*1.5 | B83: 9.2 | C83: 66 | F83: 16 | G83: 18.6 | H83: =ROUND((G83/2)^2*PI(),2) -> 271.72 | P83: 0.4 | Q83: 0.33 | R83: 0.275 | S83: 0.22
A84: RVVP-3*1.5 | B84: 10 | C84: 79 | F84: 25 | G84: 22.2 | H84: =ROUND((G84/2)^2*PI(),2) -> 387.08 | J84: 硅芯管 | K84: 32/26 | L84: 32 | M84: 3 | N84: 26 | O84: 531 | P84: 212 | Q84: 175 | R84: 146 | S84: 117
A85: RVVP-5*1.5 | B85: 12.6 | C85: 125 | F85: 35 | G85: 24.1 | H85: =ROUND((G85/2)^2*PI(),2) -> 456.17 | K85: 34/28 | L85: 34 | M85: 3 | N85: 28 | O85: 616 | P85: 246 | Q85: 203 | R85: 169 | S85: 135
A86: RVVP-7*1.5 | B86: 13.6 | C86: 145 | F86: 50 | G86: 27.7 | H86: =ROUND((G86/2)^2*PI(),2) -> 602.63 | K86: 40/33 | L86: 40 | M86: 3.5 | N86: 33 | O86: 855 | P86: 342 | Q86: 282 | R86: 235 | S86: 188
A87: RVVP-10*1.5 | B87: 16.9 | C87: 224 | F87: 70 | G87: 32.1 | H87: =ROUND((G87/2)^2*PI(),2) -> 809.28 | K87: 46/38 | L87: 46 | M87: 4 | N87: 38 | O87: 1134 | P87: 454 | Q87: 374 | R87: 312 | S87: 250
A88: RVVP-12*1.5 | B88: 17.7 | C88: 246 | F88: 95 | G88: 36.4 | H88: =ROUND((G88/2)^2*PI(),2) -> 1040.62 | K88: 50/41 | L88: 50 | M88: 4.5 | N88: 41 | O88: 1320 | P88: 528 | Q88: 436 | R88: 363 | S88: 290
A89: RVVP-2*2.5 | B89: 11.7 | C89: 108 | F89: 120 | G89: 40.5 | H89: =ROUND((G89/2)^2*PI(),2) -> 1288.25 | K89: 63/54 | L89: 63 | M89: 4.5 | N89: 54 | O89: 2290 | P89: 916 | Q89: 756 | R89: 630 | S89: 504
A90: RVVP-3*2.5 | B90: 12.6 | C90: 125 | F90: 150 | G90: 44.6 | H90: =ROUND((G90/2)^2*PI(),2) -> 1562.28 | J90: 注：表中的数据引自《地下通信管道用塑料管 第4部分：硅芯管》YD/T 841.4-2016
A91: RVVP-5*2.5 | B91: 14.9 | C91: 174 | F91: 185 | G91: 50 | H91: =ROUND((G91/2)^2*PI(),2) -> 1963.5 | J91: 19DX101-1 表14.41 梅花管管材规格
A92: RVVP-7*2.5 | B92: 16.1 | C92: 204 | F92: 240 | G92: 56.1 | H92: =ROUND((G92/2)^2*PI(),2) -> 2471.81 | J92: 管材种类 （标注代号） | K92: 型号 | L92: 单孔内径 （mm） | M92: 单孔截面积 （mm2） | N92: 等效外径 （mm） | O92: 等效截面积 （mm2） | P92: 内孔%时截面积（mm2）
A93: RVVP-10*2.5 | B93: 20.2 | C93: 320 | F93: 300 | G93: 60 | H93: =ROUND((G93/2)^2*PI(),2) -> 2827.43 | P93: 0.4 | Q93: 0.33 | R93: 0.275 | S93: 0.22
A94: RVVP-12*2.5 | B94: 21.3 | C94: 356 | E94: 3+1芯电力电缆 | F94: 2.5 | G94: 12.6 | H94: =ROUND((G94/2)^2*PI(),2) -> 124.69 | J94: 梅花管 | K94: Φ25*5 | L94: 25 | M94: 491 | N94: 76.1 | O94: =M94*5 -> 2455 | P94: 196 | Q94: 162 | R94: 135 | S94: 108
A95: RVVP-2*4 | B95: 13.9 | C95: 152 | F95: 4 | G95: 13.4 | H95: =ROUND((G95/2)^2*PI(),2) -> 141.03 | K95: Φ26*5 | L95: 26 | M95: 531 | N95: 78.8 | O95: =M95*5 -> 2655 | P95: 212 | Q95: 175 | R95: 146 | S95: 117
A96: RVVP-3*4 | B96: 14.9 | C96: 174 | F96: 6 | G96: 14.6 | H96: =ROUND((G96/2)^2*PI(),2) -> 167.42 | K96: Φ28*4 | L96: 28 | M96: 616 | N96: 76.2 | O96: =M96*4 -> 2464 | P96: 246 | Q96: 203 | R96: 169 | S96: 135
A97: RVVPS-2*2*0.5 | B97: 11.7 | C97: 108 | F97: 10 | G97: 17.3 | H97: =ROUND((G97/2)^2*PI(),2) -> 235.06 | K97: Φ28*5 | L97: 28 | M97: 616 | N97: 84.9 | O97: =M97*5 -> 3080 | P97: 246 | Q97: 203 | R97: 169 | S97: 135
A98: RVVPS-2*2*0.75 | B98: 12.8 | C98: 129 | F98: 16 | G98: 20 | H98: =ROUND((G98/2)^2*PI(),2) -> 314.16 | K98: Φ32*4 | L98: 32 | M98: 804 | N98: 86.5 | O98: =M98*4 -> 3216 | P98: 322 | Q98: 265 | R98: 221 | S98: 177
A99: RVVPS-2*2*1.0 | B99: 14.2 | C99: 158 | F99: 25 | G99: 23.8 | H99: =ROUND((G99/2)^2*PI(),2) -> 444.88 | K99: Φ32*5 | L99: 32 | M99: 804 | N99: 96.5 | O99: =M99*5 -> 4020 | P99: 322 | Q99: 265 | R99: 221 | S99: 177
A100: RVVPS-2*2*1.5 | B100: 15.4 | C100: 186 | F100: 35 | G100: 25.8 | H100: =ROUND((G100/2)^2*PI(),2) -> 522.79 | K100: Φ32*7 | L100: 32 | M100: 804 | N100: 117.3 | O100: =M100*7 -> 5628 | P100: 322 | Q100: 265 | R100: 221 | S100: 177
...

Sheet 飞鹤
A1: RVS 300/300V 铜芯聚氯乙烯绝缘绞型连接用软电线
A2: 电缆型号 | B2: 最大外径 （mm） | C2: 电缆截面积 （mm2）
A3: RVS-2*0.3 | B3: 4.4 | C3: =ROUND((B3/2)^2*PI(),2) -> 15.21
A4: RVS-2*0.4 | B4: 4.8 | C4: =ROUND((B4/2)^2*PI(),2) -> 18.1
A5: RVS-2*0.5 | B5: 6 | C5: =ROUND((B5/2)^2*PI(),2) -> 28.27
A6: RVS-2*0.75 | B6: 6.2 | C6: =ROUND((B6/2)^2*PI(),2) -> 30.19
A7: RVS-2*1.0 | B7: 6.6 | C7: =ROUND((B7/2)^2*PI(),2) -> 34.21
A8: RVS-2*1.5 | B8: 7.2 | C8: =ROUND((B8/2)^2*PI(),2) -> 40.72
A9: RVS-2*2.5 | B9: 8.2 | C9: =ROUND((B9/2)^2*PI(),2) -> 52.81
A10: RVS-2*4 | B10: 9.5 | C10: =ROUND((B10/2)^2*PI(),2) -> 70.88
A11: RVS-2*6 | B11: 11.6 | C11: =ROUND((B11/2)^2*PI(),2) -> 105.68
A12: 60227 IEC 52(RVV) 300/300V 轻型聚氯乙烯护套软线
A13: 电缆型号 | B13: 最大外径 （mm） | C13: 电缆截面积 （mm2）
A14: RVV-2*0.5 | B14: 5.9 | C14: =ROUND((B14/2)^2*PI(),2) -> 27.34
A15: RVV-2*0.75 | B15: 6.3 | C15: =ROUND((B15/2)^2*PI(),2) -> 31.17
A16: RVV-3*0.5 | B16: 6.3 | C16: =ROUND((B16/2)^2*PI(),2) -> 31.17
A17: RVV-3*0.75 | B17: 6.7 | C17: =ROUND((B17/2)^2*PI(),2) -> 35.26
A18: 60227 IEC 53(RVV) 300/300V 轻型聚氯乙烯护套软线
A19: 电缆型号 | B19: 最大外径 （mm） | C19: 电缆截面积 （mm2）
A20: RVV-2*1.0 | B20: 7.5 | C20: =ROUND((B20/2)^2*PI(),2) -> 44.18
A21: RVV-2*1.5 | B21: 8.6 | C21: =ROUND((B21/2)^2*PI(),2) -> 58.09
A22: RVV-2*2.5 | B22: 10.6 | C22: =ROUND((B22/2)^2*PI(),2) -> 88.25
A23: RVV-3*1.0 | B23: 8 | C23: =ROUND((B23/2)^2*PI(),2) -> 50.27
A24: RVV-3*1.5 | B24: 9.4 | C24: =ROUND((B24/2)^2*PI(),2) -> 69.4
A25: RVV-3*2.5 | B25: 11.4 | C25: =ROUND((B25/2)^2*PI(),2) -> 102.07
A26: RVV-4*0.75 | B26: 8.3 | C26: =ROUND((B26/2)^2*PI(),2) -> 54.11
A27: RVV-4*1.0 | B27: 9 | C27: =ROUND((B27/2)^2*PI(),2) -> 63.62
A28: RVV-4*1.5 | B28: 10.5 | C28: =ROUND((B28/2)^2*PI(),2) -> 86.59
A29: RVV-4*2.5 | B29: 12.5 | C29: =ROUND((B29/2)^2*PI(),2) -> 122.72
A30: RVV-5*0.75 | B30: 9.3 | C30: =ROUND((B30/2)^2*PI(),2) -> 67.93
A31: RVV-5*1.0 | B31: 9.8 | C31: =ROUND((B31/2)^2*PI(),2) -> 75.43
... A33: RVV-5*2.5 | B33: 13.9 | C33: =ROUND((B33/2)^2*PI(),2) -> 151.75
A34: RVV 300/500V 铜芯聚氯乙烯绝缘聚乙烯护套软线
A35: 电缆型号 | B35: 最大外径 （mm） | C35: 电缆截面积 （mm2）
A36: RVV-2*4 | B36: 12.4 | C36: =ROUND((B36/2)^2*PI(),2) -> 120.76
A37: RVV-2*6 | B37: 13.9 | C37: =ROUND((B37/2)^2*PI(),2) -> 151.75
A38: RVV-2*10 | B38: 17.2 | C38: =ROUND((B38/2)^2*PI(),2) -> 232.35
A39: RVV-3*4 | B39: 13.5 | C39: =ROUND((B39/2)^2*PI(),2) -> 143.14
A40: RVV-3*6 | B40: 15 | C40: =ROUND((B40/2)^2*PI(),2) -> 176.71
A41: RVV-3*10 | B41: 18.8 | C41: =ROUND((B41/2)^2*PI(),2) -> 277.59
A42: RVV-4*4 | B42: 14.6 | C42: =ROUND((B42/2)^2*PI(),2) -> 167.42
A43: RVV-4*6 | B43: 16.4 | C43: =ROUND((B43/2)^2*PI(),2) -> 211.24
A44: RVV-4*10 | B44: 20.5 | C44: =ROUND((B44/2)^2*PI(),2) -> 330.06
A45: RVV-5*4 | B45: 16.5 | C45: =ROUND((B45/2)^2*PI(),2) -> 213.82
A46: RVV-5*6 | B46: 18.4 | C46: =ROUND((B46/2)^2*PI(),2) -> 265.9
A47: RVV-5*10 | B47: 22.9 | C47: =ROUND((B47/2)^2*PI(),2) -> 411.87
... A67: RVV-12*1.0 | B67: 14.8 | C67: =ROUND((B67/2)^2*PI(),2) -> 172.03
A68: RVV 300/500V 铜芯聚氯乙烯绝缘聚乙烯护套软线
A69: 电缆型号 | B69: 最大外径 （mm） | C69: 电缆截面积 （mm2）
A70: RVV-2*16 | B70: 21 | C70: =ROUND((B70/2)^2*PI(),2) -> 346.36
A71: RVV-2*25 | B71: 26.9 | C71: =ROUND((B71/2)^2*PI(),2) -> 568.32
A72: RVV-2*35 | B72: 29.3 | C72: =ROUND((B72/2)^2*PI(),2) -> 674.26
A73: RVV-3*16 | B73: 22.4 | C73: =ROUND((B73/2)^2*PI(),2) -> 394.08
A74: RVV-3*25 | B74: 28.7 | C74: =ROUND((B74/2)^2*PI(),2) -> 646.92
A75: RVV-3*35 | B75: 31.2 | C75: =ROUND((B75/2)^2*PI(),2) -> 764.54
A76: RVV-4*16 | B76: 24.7 | C76: =ROUND((B76/2)^2*PI(),2) -> 479.16
A77: RVV-4*25 | B77: 32.2 | C77: =ROUND((B77/2)^2*PI(),2) -> 814.33
A78: RVV-4*35 | B78: 34.5 | C78: =ROUND((B78/2)^2*PI(),2) -> 934.82
A79: RVV-5*16 | B79: 27.6 | C79: =ROUND((B79/2)^2*PI(),2) -> 598.28
A80: RVV-5*25 | B80: 35.6 | C80: =ROUND((B80/2)^2*PI(),2) -> 995.38
A81: RVV-5*35 | B81: 38.1 | C81: =ROUND((B81/2)^2*PI(),2) -> 1140.09
A82: RVVP 300/500V 铜芯聚氯乙烯绝缘编织屏蔽聚氯乙烯护套软线
A83: 电缆型号 | B83: 最大外径 （mm） | C83: 电缆截面积 （mm2）
A84: RVVP-2*0.3 | B84: 6.2 | C84: =ROUND((B84/2)^2*PI(),2) -> 30.19
A85: RVVP-2*0.4 | B85: 6.6 | C85: =ROUND((B85/2)^2*PI(),2) -> 34.21
A86: RVVP-2*0.5 | B86: 6.8 | C86: =ROUND((B86/2)^2*PI(),2) -> 36.32
A87: RVVP-2*0.75 | B87: 7.4 | C87: =ROUND((B87/2)^2*PI(),2) -> 43.01
A88: RVVP-2*1.0 | B88: 8.2 | C88: =ROUND((B88/2)^2*PI(),2) -> 52.81
A89: RVVP-2*1.5 | B89: 9.2 | C89: =ROUND((B89/2)^2*PI(),2) -> 66.48
A90: RVVP-2*2.5 | B90: 11.7 | C90: =ROUND((B90/2)^2*PI(),2) -> 107.51
A91: RVVP-2*4 | B91: 13.9 | C91: =ROUND((B91/2)^2*PI(),2) -> 151.75
A92: RVVP-3*0.3 | B92: 6.5 | C92: =ROUND((B92/2)^2*PI(),2) -> 33.18
A93: RVVP-3*0.4 | B93: 6.9 | C93: =ROUND((B93/2)^2*PI(),2) -> 37.39
A94: RVVP-3*0.5 | B94: 7.1 | C94: =ROUND((B94/2)^2*PI(),2) -> 39.59
A95: RVVP-3*0.75 | B95: 7.8 | C95: =ROUND((B95/2)^2*PI(),2) -> 47.78
... A155: RVVP-12*2.5 | B155: 21.3 | C155: =ROUND((B155/2)^2*PI(),2) -> 356.33
A156: RVSP 300/300V 铜芯聚氯乙烯绝缘绞型连接用屏蔽软线
A157: 电缆型号 | B157: 最大外径 （mm） | C157: 电缆截面积 （mm2）
A158: RVSP-2*0.3 | B158: 6.3 | C158: =ROUND((B158/2)^2*PI(),2) -> 31.17
A159: RVSP-2*0.4 | B159: 6.7 | C159: =ROUND((B159/2)^2*PI(),2) -> 35.26
A160: RVSP-2*0.5 | B160: 6.9 | C160: =ROUND((B160/2)^2*PI(),2) -> 37.39
A161: RVSP-2*0.75 | B161: 7.4 | C161: =ROUND((B161/2)^2*PI(),2) -> 43.01
A162: RVSP-2*1.0 | B162: 8.2 | C162: =ROUND((B162/2)^2*PI(),2) -> 52.81
A163: RVSP-2*1.5 | B163: 9.4 | C163: =ROUND((B163/2)^2*PI(),2) -> 69.4
A164: RVSP-2*2.5 | B164: 11.5 | C164: =ROUND((B164/2)^2*PI(),2) -> 103.87
A165: RVSP-2*4 | B165: 13.9 | C165: =ROUND((B165/2)^2*PI(),2) -> 151.75
A166: RVSP-2*6 | B166: 15.3 | C166: =ROUND((B166/2)^2*PI(),2) -> 183.85
A167: RVSP-3*0.3 | B167: 6.6 | C167: =ROUND((B167/2)^2*PI(),2) -> 34.21
A168: RVSP-3*0.4 | B168: 7.1 | C168: =ROUND((B168/2)^2*PI(),2) -> 39.59
A169: RVSP-3*0.5 | B169: 7.2 | C169: =ROUND((B169/2)^2*PI(),2) -> 40.72
... A175: RVSP-3*6 | B175: 16.2 | C175: =ROUND((B175/2)^2*PI(),2) -> 206.12
A176: JZ-BV-105型 450/750V 铜芯聚氯乙烯绝缘家装电线
A177: 电缆型号 | B177: 最大外径 （mm） | C177: 电缆截面积 （mm2）
A178: BV-1.5 | B178: 3.2 | C178: =ROUND((B178/2)^2*PI(),2) -> 8.04
A179: BV-2.5 | B179: 3.9 | C179: =ROUND((B179/2)^2*PI(),2) -> 11.95
A180: BV-4 | B180: 4.4 | C180: =ROUND((B180/2)^2*PI(),2) -> 15.21
A181: BV-6 | B181: 5 | C181: =ROUND((B181/2)^2*PI(),2) -> 19.63
A182: JZ-BVR-105型 450/750V 铜芯聚氯乙烯绝缘家装电线
A183: 电缆型号 | B183: 最大外径 （mm） | C183: 电缆截面积 （mm2）
A184: BVR-1.5 | B184: 3.4 | C184: =ROUND((B184/2)^2*PI(),2) -> 9.08
...

Sheet 长飞
A1: 光缆
A2: 光缆型号 | B2: 最大外径 （mm） | C2: 电缆截面积 （mm2）
A3: 2芯室内光缆 | B3: 4 | C3: =ROUND((B3/2)^2*PI(),2) -> 12.57 | D3: 室内光缆
A4: 4芯室内光缆 | B4: 4.8 | C4: =ROUND((B4/2)^2*PI(),2) -> 18.1
A5: 6芯室内光缆 | B5: 5.1 | C5: =ROUND((B5/2)^2*PI(),2) -> 20.43
A6: 8芯室内光缆 | B6: 5.6 | C6: =ROUND((B6/2)^2*PI(),2) -> 24.63
A7: 12芯室内光缆 | B7: 6.2 | C7: =ROUND((B7/2)^2*PI(),2) -> 30.19
A8: 24芯室内光缆 | B8: 8.1 | C8: =ROUND((B8/2)^2*PI(),2) -> 51.53
A9: 36芯室内光缆 | B9: 14.5 | C9: =ROUND((B9/2)^2*PI(),2) -> 165.13
A10: 48芯室内光缆 | B10: 14.8 | C10: =ROUND((B10/2)^2*PI(),2) -> 172.03
A11: 72芯室内光缆 | B11: 17.5 | C11: =ROUND((B11/2)^2*PI(),2) -> 240.53
A12: 96芯室内光缆 | B12: 20.7 | C12: =ROUND((B12/2)^2*PI(),2) -> 336.54
A13: 144芯室内光缆 | B13: 24.8 | C13: =ROUND((B13/2)^2*PI(),2) -> 483.05
A14: 2~30芯室外光缆 | B14: 7.8 | C14: =ROUND((B14/2)^2*PI(),2) -> 47.78 | D14: 室外光缆-松套层绞式非铠装光缆
A15: 32~36芯室外光缆 | B15: 8.1 | C15: =ROUND((B15/2)^2*PI(),2) -> 51.53
A16: 38~60芯室外光缆 | B16: 9.2 | C16: =ROUND((B16/2)^2*PI(),2) -> 66.48
A17: 62~72芯室外光缆 | B17: 9.6 | C17: =ROUND((B17/2)^2*PI(),2) -> 72.38
A18: 74~96芯室外光缆 | B18: 11 | C18: =ROUND((B18/2)^2*PI(),2) -> 95.03
A19: 98~120芯室外光缆 | B19: 12 | C19: =ROUND((B19/2)^2*PI(),2) -> 113.1
A20: 122~144芯室外光缆 | B20: 13.2 | C20: =ROUND((B20/2)^2*PI(),2) -> 136.85
A21: 146~216芯室外光缆 | B21: 13.7 | C21: =ROUND((B21/2)^2*PI(),2) -> 147.41
A22: 288芯室外光缆 | B22: 15.5 | C22: =ROUND((B22/2)^2*PI(),2) -> 188.69

Sheet 天诚
A1: 铜缆
A2: 线缆名称 | B2: 线缆型号 | C2: 最大外径 （mm） | D2: 电缆截面积 （mm2）
A3: 安防专用非屏蔽双绞线 | B3: UTP-CAT.5E Plus | C3: 5 | D3: =ROUND((C3/2)^2*PI(),2) -> 19.63
A4: 非屏蔽双绞线 | B4: UTP-CAT.5E | C4: 5.3 | D4: =ROUND((C4/2)^2*PI(),2) -> 22.06
A5: 屏蔽双绞线 | B5: FTP-CAT.5E | C5: 6.5 | D5: =ROUND((C5/2)^2*PI(),2) -> 33.18
A6: 双屏蔽双绞线 | B6: SFTP-CAT.5E | C6: 7 | D6: =ROUND((C6/2)^2*PI(),2) -> 38.48
A7: 交联护套屏蔽多股双绞线 | B7: SFTP-CAT.5E | C7: 7 | D7: =ROUND((C7/2)^2*PI(),2) -> 38.48
A8: 非屏蔽双绞线 23AWG | B8: UTP-CAT.6 | C8: 6 | D8: =ROUND((C8/2)^2*PI(),2) -> 28.27
A9: 非屏蔽双绞线 24AWG | B9: UTP-CAT.6 | C9: 6 | D9: =ROUND((C9/2)^2*PI(),2) -> 28.27
A10: 防啮齿非屏蔽双绞线 | B10: UTP-CAT.6 | C10: 6 | D10: =ROUND((C10/2)^2*PI(),2) -> 28.27
A11: 非屏蔽双绞线 | B11: UTP-CAT.6 Plus | C11: 6.2 | D11: =ROUND((C11/2)^2*PI(),2) -> 30.19
A12: 屏蔽双绞线 | B12: FTP-CAT.6 | C12: 7.6 | D12: =ROUND((C12/2)^2*PI(),2) -> 45.36
A13: 防啮齿屏蔽双绞线 | B13: FTP-CAT.6 | C13: 7.5 | D13: =ROUND((C13/2)^2*PI(),2) -> 44.18
A14: 室内外野战屏蔽双绞线 | B14: FTP-CAT.6 | C14: 7.5 | D14: =ROUND((C14/2)^2*PI(),2) -> 44.18
... A26: 屏蔽双绞线 | B26: S/FTP-CAT.8 | C26: 8.2 | D26: =ROUND((C26/2)^2*PI(),2) -> 52.81
A27: 蝶形光缆（皮线光缆）
A28: 线缆名称 | B28: 线缆型号 | C28: 最大外径 （mm） | D28: 电缆截面积 （mm2）
A29: 金属加强低烟无卤 | B29: GJXH-02B6 | C29: 2.0*3.0 | D29: 6
A30: 非金属加强低烟无卤 | B30: GJXFH-02B6 | C30: 2.0*3.0 | D30: 6
A31: 金属加强低烟无卤阻燃 | B31: GJXZH-02B6 | C31: 2.0*3.0 | D31: 6
A32: 非金属加强低烟无卤阻燃 | B32: GJXFZH-02B6 | C32: 2.0*3.0 | D32: 6
A33: YXB音箱线
A34: 线缆名称 | B34: 线缆型号 | C34: 最大外径 （mm） | D34: 电缆截面积 （mm2）
B35: YXB-0.24 | C35: 2.6*5.1 | D35: =2.6*5.1 -> 13.26
B36: YXB-0.4 | C36: 3.1*6.1 | D36: =3.1*6.1 -> 18.91
B37: YXB-0.5 | C37: 3.3*6.5 | D37: =3.3*6.5 -> 21.45
B38: YXB-0.55 | C38: 3.6*7.1 | D38: =3.6*7.1 -> 25.56
B39: YXB-0.7 | C39: 3.6*7.1 | D39: =3.6*7.1 -> 25.56
B40: YXB-0.8 | C40: 4.1*8.1 | D40: =4.1*8.1 -> 33.21
B41: YXB-1.0 | C41: 4.1*8.1 | D41: =4.1*8.1 -> 33.21
B42: YXB-1.2 | C42: 4.1*8.1 | D42: =4.1*8.1 -> 33.21
B43: YXB-1.5 | C43: 4.1*8.1 | D43: =4.1*8.1 -> 33.21
B44: YXB-1.54 | C44: 4.1*8.1 | D44: =4.1*8.1 -> 33.21
B45: YXB-2.5 | C45: 5.1*10.1 | D45: =5.1*10.1 -> 51.51
B46: YXB-5.0 | C46: 6.0*12.1 | D46: =6*12.1 -> 72.6
A47: GYX工程音响线
A48: 线缆名称 | B48: 线缆型号 | C48: 最大外径 （mm） | D48: 电缆截面积 （mm2）
B49: GYX-2*1.0 | C49: 8.4 | D49: =ROUND((C49/2)^2*PI(),2) -> 55.42
B50: GYX-2*1.5 | C50: 8.72 | D50: =ROUND((C50/2)^2*PI(),2) -> 59.72
B51: GYX-2*2.0 | C51: 9.14 | D51: =ROUND((C51/2)^2*PI(),2) -> 65.61
B52: GYX-2*2.5 | C52: 9.62 | D52: =ROUND((C52/2)^2*PI(),2) -> 72.68
B53: GYX-2*3.0 | C53: 10.9 | D53: =ROUND((C53/2)^2*PI(),2) -> 93.31
B54: GYX-2*3.5 | C54: 11.32 | D54: =ROUND((C54/2)^2*PI(),2) -> 100.64
B55: GYX-2*4.0 | C55: 12.08 | D55: =ROUND((C55/2)^2*PI(),2) -> 114.61
B56: GYX-4*1.0 | C56: 9.68 | D56: =ROUND((C56/2)^2*PI(),2) -> 73.59
B57: GYX-4*1.5 | C57: 10.47 | D57: =ROUND((C57/2)^2*PI(),2) -> 86.1
B58: GYX-4*2.0 | C58: 10.98 | D58: =ROUND((C58/2)^2*PI(),2) -> 94.69
B59: GYX-4*2.5 | C59: 11.56 | D59: =ROUND((C59/2)^2*PI(),2) -> 104.96
B60: GYX-4*3.0 | C60: 12.62 | D60: =ROUND((C60/2)^2*PI(),2) -> 125.09
... B62: GYX-4*4.0 | C62: 14.24 | D62: =ROUND((C62/2)^2*PI(),2) -> 159.26
A63: HTP话筒线
A64: 线缆名称 | B64: 线缆型号 | C64: 最大外径 （mm） | D64: 电缆截面积 （mm2）
A65: 铝箔+铜丝编织 | B65: HTP-2*20/0.10 | C65: 6 | D65: =ROUND((C65/2)^2*PI(),2) -> 28.27
A66: 铝箔+铜丝编织 | B66: HTP-2*27/0.10 | C66: 6 | D66: =ROUND((C66/2)^2*PI(),2) -> 28.27
A67: 铝箔+铜丝编织 | B67: HTP-2*37/0.10 | C67: 6 | D67: =ROUND((C67/2)^2*PI(),2) -> 28.27
A68: 铝箔+铜丝编织 | B68: HTP-2*48/0.10 | C68: 6 | D68: =ROUND((C68/2)^2*PI(),2) -> 28.27
A69: 铝箔+铜丝编织 | B69: HTP-3*20/0.10 | C69: 6.15 | D69: =ROUND((C69/2)^2*PI(),2) -> 29.71
A70: 铝箔+铜丝编织 | B70: HTP-3*27/0.10 | C70: 6.05 | D70: =ROUND((C70/2)^2*PI(),2) -> 28.75
A71: 铝箔+铜丝编织 有铜丝缠绕和面纱缠绕 | B71: HTP-2*37/0.10 | C71: 6 | D71: =ROUND((C71/2)^2*PI(),2) -> 28.27
A72: HBYV、HBYY型电话线
A73: 线缆名称 | B73: 线缆型号 | C73: 最大外径 （mm） | D73: 电缆截面积 （mm2）
A74: 1对 | B74: HBYV-1*2*0.4 | C74: 1.75*2.55 | D74: =1.75*2.55 -> 4.4625
A75: 1对 | B75: HBYV-1*2*0.5 | C75: 1.87*2.77 | D75: =1.87*2.77 -> 5.1799
A76: 2对 | B76: HBYV-2*2*0.4 | C76: 3.05*4.2 | D76: =3.05*4.2 -> 12.81
A77: 2对 | B77: HBYV-2*2*0.5 | C77: 3.05*4.7 | D77: =3.05*4.7 -> 14.335
A78: 电梯线缆
A79: 线缆名称 | B79: 线缆型号 | C79: 最大外径 （mm） | D79: 电缆截面积 （mm2）
A80: 超五类非屏蔽网线+RVV2*0.75 | B80: TUTP-G1 | C80: 8.5*22.0 | D80: =8.5*22 -> 187
A81: 2芯皮线光缆+2*RY1.0 | B81: TGDFH2B6+2*1.0-G1 | C81: 4.5*19.5 | D81: =4.5*19.5 -> 87.75

Sheet RD
A1: 规格 | B1: 外径 | C1: 截面积 | D1: 根数
A2: =线管桥架计算!B9 -> 2芯皮线光缆 | B2: =线管桥架计算!C9 -> 3 | C2: =线管桥架计算!D9 -> 6 | D2: =线管桥架计算!E9 -> 0
A3: =线管桥架计算!B10 -> 2芯室内光缆 | B3: =线管桥架计算!C10 -> 4 | C3: =线管桥架计算!D10 -> 12.566371 | D3: =线管桥架计算!E10 -> 0
A4: =线管桥架计算!B11 -> 4芯室内光缆 | B4: =线管桥架计算!C11 -> 4.8 | C4: =线管桥架计算!D11 -> 18.095574 | D4: =线管桥架计算!E11 -> 1
A5: =线管桥架计算!B12 -> 6芯室内光缆 | B5: =线管桥架计算!C12 -> 5.1 | C5: =线管桥架计算!D12 -> 20.428206 | D5: =线管桥架计算!E12 -> 0
A6: =线管桥架计算!B13 -> 8芯室内光缆 | B6: =线管桥架计算!C13 -> 5.6 | C6: =线管桥架计算!D13 -> 24.630086 | D6: =线管桥架计算!E13 -> 0
A7: =线管桥架计算!B14 -> 12芯室内光缆 | B7: =线管桥架计算!C14 -> 6.2 | C7: =线管桥架计算!D14 -> 30.190705 | D7: =线管桥架计算!E14 -> 0
A8: =线管桥架计算!B15 -> 24芯室内光缆 | B8: =线管桥架计算!C15 -> 8.1 | C8: =线管桥架计算!D15 -> 51.529974 | D8: =线管桥架计算!E15 -> 0
A9: =线管桥架计算!B16 -> 36芯室内光缆 | B9: =线管桥架计算!C16 -> 14.5 | C9: =线管桥架计算!D16 -> 165.12996 | D9: =线管桥架计算!E16 -> 0
A10: =线管桥架计算!B17 -> 48芯室内光缆 | B10: =线管桥架计算!C17 -> 14.8 | C10: =线管桥架计算!D17 -> 172.03361 | D10: =线管桥架计算!E17 -> 0
A11: =线管桥架计算!B18 -> 72芯室内光缆 | B11: =线管桥架计算!C18 -> 17.5 | C11: =线管桥架计算!D18 -> 240.52819 | D11: =线管桥架计算!E18 -> 0
A12: =线管桥架计算!B19 -> 96芯室内光缆 | B12: =线管桥架计算!C19 -> 20.7 | C12: =线管桥架计算!D19 -> 336.53526 | D12: =线管桥架计算!E19 -> 0
A13: =线管桥架计算!B20 -> 144芯室内光缆 | B13: =线管桥架计算!C20 -> 24.8 | C13: =线管桥架计算!D20 -> 483.05129 | D13: =线管桥架计算!E20 -> 0
A14: =线管桥架计算!B22 -> 2~30芯室外光缆 | B14: =线管桥架计算!C22 -> 7.8 | C14: =线管桥架计算!D22 -> 47.783624 | D14: =线管桥架计算!E22 -> 0
A15: =线管桥架计算!B23 -> 32~36芯室外光缆 | B15: =线管桥架计算!C23 -> 8.1 | C15: =线管桥架计算!D23 -> 51.529974 | D15: =线管桥架计算!E23 -> 0
A16: =线管桥架计算!B24 -> 38~60芯室外光缆 | B16: =线管桥架计算!C24 -> 9.2 | C16: =线管桥架计算!D24 -> 66.476101 | D16: =线管桥架计算!E24 -> 0
A17: =线管桥架计算!B25 -> 62~72芯室外光缆 | B17: =线管桥架计算!C25 -> 9.6 | C17: =线管桥架计算!D25 -> 72.382295 | D17: =线管桥架计算!E25 -> 0
A18: =线管桥架计算!B26 -> 74~96芯室外光缆 | B18: =线管桥架计算!C26 -> 11 | C18: =线管桥架计算!D26 -> 95.033178 | D18: =线管桥架计算!E26 -> 0
A19: =线管桥架计算!B27 -> 98~120芯室外光缆 | B19: =线管桥架计算!C27 -> 12 | C19: =线管桥架计算!D27 -> 113.09734 | D19: =线管桥架计算!E27 -> 0
A20: =线管桥架计算!B28 -> 122~144芯室外光缆 | B20: =线管桥架计算!C28 -> 13.2 | C20: =线管桥架计算!D28 -> 136.84778 | D20: =线管桥架计算!E28 -> 0
A21: =线管桥架计算!B29 -> 146~216芯室外光缆 | B21: =线管桥架计算!C29 -> 13.7 | C21: =线管桥架计算!D29 -> 147.41138 | D21: =线管桥架计算!E29 -> 0
A22: =线管桥架计算!B30 -> 288芯室外光缆 | B22: =线管桥架计算!C30 -> 15.5 | C22: =线管桥架计算!D30 -> 188.69191 | D22: =线管桥架计算!E30 -> 0
A23: =线管桥架计算!G29 -> 3类25对大对数 | B23: =线管桥架计算!H29 -> 11.6 | C23: =线管桥架计算!I29 -> 105.68318 | D23: =线管桥架计算!J29 -> 0
A24: =线管桥架计算!G30 -> 3类50对大对数 | B24: =线管桥架计算!H30 -> 16.5 | C24: =线管桥架计算!I30 -> 213.82465 | D24: =线管桥架计算!J30 -> 0
A25: =线管桥架计算!G31 -> 3类100对大对数 | B25: =线管桥架计算!H31 -> 21.2 | C25: =线管桥架计算!I31 -> 352.98935 | D25: =线管桥架计算!J31 -> 0
A26: =线管桥架计算!G32 -> 5类25对大对数 | B26: =线管桥架计算!H32 -> 12.5 | C26: =线管桥架计算!I32 -> 122.71846 | D26: =线管桥架计算!J32 -> 0
A27: =线管桥架计算!G9 -> UTP-CAT.5E | B27: =线管桥架计算!H9 -> 5.3 | C27: =线管桥架计算!I9 -> 22.061834 | D27: =线管桥架计算!J9 -> 0
A28: =线管桥架计算!G10 -> FTP-CAT.5E | B28: =线管桥架计算!H10 -> 6.5 | C28: =线管桥架计算!I10 -> 33.183072 | D28: =线管桥架计算!J10 -> 0
A29: =线管桥架计算!G11 -> SFTP-CAT.5E | B29: =线管桥架计算!H11 -> 7 | C29: =线管桥架计算!I11 -> 38.48451 | D29: =线管桥架计算!J11 -> 0
A30: =线管桥架计算!G12 -> UTP-CAT.6 | B30: =线管桥架计算!H12 -> 6 | C30: =线管桥架计算!I12 -> 28.274334 | D30: =线管桥架计算!J12 -> 0
A31: =线管桥架计算!G13 -> FTP-CAT.6 | B31: =线管桥架计算!H13 -> 7.6 | C31: =线管桥架计算!I13 -> 45.364598 | D31: =线管桥架计算!J13 -> 0
A32: =线管桥架计算!G14 -> U/FTP-CAT.6 | B32: =线管桥架计算!H14 -> 8 | C32: =线管桥架计算!I14 -> 50.265482 | D32: =线管桥架计算!J14 -> 0
A33: =线管桥架计算!G15 -> SFTP-CAT.6 | B33: =线管桥架计算!H15 -> 8 | C33: =线管桥架计算!I15 -> 50.265482 | D33: =线管桥架计算!J15 -> 0
A34: =线管桥架计算!G16 -> UTP-CAT.6A | B34: =线管桥架计算!H16 -> 8.4 | C34: =线管桥架计算!I16 -> 55.417694 | D34: =线管桥架计算!J16 -> 0
A35: =线管桥架计算!G17 -> FTP-CAT.6A | B35: =线管桥架计算!H17 -> 7.3 | C35: =线管桥架计算!I17 -> 41.853868 | D35: =线管桥架计算!J17 -> 0
A36: =线管桥架计算!G18 -> U/FTP-CAT.6A | B36: =线管桥架计算!H18 -> 7.5 | C36: =线管桥架计算!I18 -> 44.178647 | D36: =线管桥架计算!J18 -> 0
A37: =线管桥架计算!G19 -> SFTP-CAT.6A | B37: =线管桥架计算!H19 -> 8.2 | C37: =线管桥架计算!I19 -> 52.810173 | D37: =线管桥架计算!J19 -> 0
A38: =线管桥架计算!G20 -> S/FTP-CAT.7 | B38: =线管桥架计算!H20 -> 7.5 | C38: =线管桥架计算!I20 -> 44.178647 | D38: =线管桥架计算!J20 -> 0
... A40: =线管桥架计算!G22 -> S/FTP-CAT.8 | B40: =线管桥架计算!H22 -> 8.2 | C40: =线管桥架计算!I22 -> 52.810173 | D40: =线管桥架计算!J22 -> 0
A41: =线管桥架计算!G24 -> HBYV-1*2*0.4 | B41: =线管桥架计算!H24 -> 2.55 | C41: =线管桥架计算!I24 -> 4.4625 | D41: =线管桥架计算!J24 -> 0
A42: =线管桥架计算!G25 -> HBYV-1*2*0.5 | B42: =线管桥架计算!H25 -> 2.77 | C42: =线管桥架计算!I25 -> 5.1799 | D42: =线管桥架计算!J25 -> 0
A43: =线管桥架计算!G26 -> HBYV-2*2*0.4 | B43: =线管桥架计算!H26 -> 4.2 | C43: =线管桥架计算!I26 -> 12.81 | D43: =线管桥架计算!J26 -> 0
A44: =线管桥架计算!G27 -> HBYV-2*2*0.5 | B44: =线管桥架计算!H27 -> 4.7 | C44: =线管桥架计算!I27 -> 14.335 | D44: =线管桥架计算!J27 -> 0
A45: =线管桥架计算!L9 -> RVV-2*0.5 | B45: =线管桥架计算!M9 -> 5.9 | C45: =线管桥架计算!N9 -> 27.33971 | D45: =线管桥架计算!O9 -> 0
A46: =线管桥架计算!L10 -> RVV-2*0.75 | B46: =线管桥架计算!M10 -> 6.3 | C46: =线管桥架计算!N10 -> 31.172453 | D46: =线管桥架计算!O10 -> 0
A47: =线管桥架计算!L11 -> RVV-2*1.0 | B47: =线管桥架计算!M11 -> 7.5 | C47: =线管桥架计算!N11 -> 44.178647 | D47: =线管桥架计算!O11 -> 0
A48: =线管桥架计算!L12 -> RVV-2*1.5 | B48: =线管桥架计算!M12 -> 8.6 | C48: =线管桥架计算!N12 -> 58.088048 | D48: =线管桥架计算!O12 -> 0
A49: =线管桥架计算!L13 -> RVV-2*2.5 | B49: =线管桥架计算!M13 -> 10.6 | C49: =线管桥架计算!N13 -> 88.247338 | D49: =线管桥架计算!O13 -> 0
A50: =线管桥架计算!L15 -> RVV-4*0.75 | B50: =线管桥架计算!M15 -> 8.3 | C50: =线管桥架计算!N15 -> 54.106079 | D50: =线管桥架计算!O15 -> 0
A51: =线管桥架计算!L16 -> RVV-4*1.0 | B51: =线管桥架计算!M16 -> 9 | C51: =线管桥架计算!N16 -> 63.617251 | D51: =线管桥架计算!O16 -> 0
A52: =线管桥架计算!L17 -> RVV-4*1.5 | B52: =线管桥架计算!M17 -> 10.5 | C52: =线管桥架计算!N17 -> 86.590148 | D52: =线管桥架计算!O17 -> 0
A53: =线管桥架计算!L18 -> RVV-4*2.5 | B53: =线管桥架计算!M18 -> 12.5 | C53: =线管桥架计算!N18 -> 122.71846 | D53: =线管桥架计算!O18 -> 0
A54: =线管桥架计算!L20 -> RVV-6*0.75 | B54: =线管桥架计算!M20 -> 9.6 | C54: =线管桥架计算!N20 -> 72.382295 | D54: =线管桥架计算!O20 -> 0
A55: =线管桥架计算!L21 -> RVV-6*1.0 | B55: =线管桥架计算!M21 -> 11 | C55: =线管桥架计算!N21 -> 95.033178 | D55: =线管桥架计算!O21 -> 0
A56: =线管桥架计算!L22 -> RVV-6*1.5 | B56: =线管桥架计算!M22 -> 13.3 | C56: =线管桥架计算!N22 -> 138.92908 | D56: =线管桥架计算!O22 -> 0
A57: =线管桥架计算!L23 -> RVV-6*2.5 | B57: =线管桥架计算!M23 -> 15.8 | C57: =线管桥架计算!N23 -> 196.0668 | D57: =线管桥架计算!O23 -> 0
A58: =线管桥架计算!L25 -> RVV-8*0.75 | B58: =线管桥架计算!M25 -> 10.6 | C58: =线管桥架计算!N25 -> 88.247338 | D58: =线管桥架计算!O25 -> 0
A59: =线管桥架计算!L26 -> RVV-8*1.0 | B59: =线管桥架计算!M26 -> 13.2 | C59: =线管桥架计算!N26 -> 136.84778 | D59: =线管桥架计算!O26 -> 0
A60: =线管桥架计算!L27 -> RVV-8*1.5 | B60: =线管桥架计算!M27 -> 14.2 | C60: =线管桥架计算!N27 -> 158.36769 | D60: =线管桥架计算!O27 -> 0
A61: =线管桥架计算!L28 -> RVV-8*2.5 | B61: =线管桥架计算!M28 -> 17.7 | C61: =线管桥架计算!N28 -> 246.05739 | D61: =线管桥架计算!O28 -> 0
A62: =线管桥架计算!L30 -> RVS-2*0.5 | B62: =线管桥架计算!M30 -> 6 | C62: =线管桥架计算!N30 -> 28.274334 | D62: =线管桥架计算!O30 -> 0
A63: =线管桥架计算!L31 -> RVS-2*0.75 | B63: =线管桥架计算!M31 -> 6.2 | C63: =线管桥架计算!N31 -> 30.190705 | D63: =线管桥架计算!O31 -> 0
A64: =线管桥架计算!L32 -> RVS-2*1.0 | B64: =线管桥架计算!M32 -> 6.6 | C64: =线管桥架计算!N32 -> 34.211944 | D64: =线管桥架计算!O32 -> 0
A65: =线管桥架计算!L33 -> RVS-2*1.5 | B65: =线管桥架计算!M33 -> 7.2 | C65: =线管桥架计算!N33 -> 40.715041 | D65: =线管桥架计算!O33 -> 0
A66: =线管桥架计算!L34 -> RVS-2*2.5 | B66: =线管桥架计算!M34 -> 8.2 | C66: =线管桥架计算!N34 -> 52.810173 | D66: =线管桥架计算!O34 -> 0
A67: =线管桥架计算!Q9 -> RVVP-2*0.5 | B67: =线管桥架计算!R9 -> 6.8 | C67: =线管桥架计算!S9 -> 36.316811 | D67: =线管桥架计算!T9 -> 0
A68: =线管桥架计算!Q10 -> RVVP-2*0.75 | B68: =线管桥架计算!R10 -> 7.4 | C68: =线管桥架计算!S10 -> 43.008403 | D68: =线管桥架计算!T10 -> 0
A69: =线管桥架计算!Q11 -> RVVP-2*1.0 | B69: =线管桥架计算!R11 -> 8.2 | C69: =线管桥架计算!S11 -> 52.810173 | D69: =线管桥架计算!T11 -> 0
A70: =线管桥架计算!Q12 -> RVVP-2*1.5 | B70: =线管桥架计算!R12 -> 9.2 | C70: =线管桥架计算!S12 -> 66.476101 | D70: =线管桥架计算!T12 -> 0
A71: =线管桥架计算!Q13 -> RVVP-2*2.5 | B71: =线管桥架计算!R13 -> 11.7 | C71: =线管桥架计算!S13 -> 107.51315 | D71: =线管桥架计算!T13 -> 0
A72: =线管桥架计算!Q14 -> RVVP-4*0.5 | B72: =线管桥架计算!R14 -> 8.9 | C72: =线管桥架计算!S14 -> 62.211389 | D72: =线管桥架计算!T14 -> 0
A73: =线管桥架计算!Q15 -> RVVP-4*0.75 | B73: =线管桥架计算!R15 -> 9.3 | C73: =线管桥架计算!S15 -> 67.929087 | D73: =线管桥架计算!T15 -> 0
A74: =线管桥架计算!Q16 -> RVVP-4*1.0 | B74: =线管桥架计算!R16 -> 10.5 | C74: =线管桥架计算!S16 -> 86.590148 | D74: =线管桥架计算!T16 -> 0
A75: =线管桥架计算!Q17 -> RVVP-4*1.5 | B75: =线管桥架计算!R17 -> 11.5 | C75: =线管桥架计算!S17 -> 103.86891 | D75: =线管桥架计算!T17 -> 0
A76: =线管桥架计算!Q18 -> RVVP-4*2.5 | B76: =线管桥架计算!R18 -> 13.6 | C76: =线管桥架计算!S18 -> 145.26724 | D76: =线管桥架计算!T18 -> 0
A77: =线管桥架计算!Q19 -> RVVP-6*0.5 | B77: =线管桥架计算!R19 -> 10.2 | C77: =线管桥架计算!S19 -> 81.712825 | D77: =线管桥架计算!T19 -> 0
A78: =线管桥架计算!Q20 -> RVVP-6*0.75 | B78: =线管桥架计算!R20 -> 10.7 | C78: =线管桥架计算!S20 -> 89.920236 | D78: =线管桥架计算!T20 -> 0
... A86: =线管桥架计算!Q28 -> RVVP-8*2.5 | B86: =线管桥架计算!R28 -> 18 | C86: =线管桥架计算!S28 -> 254.469 | D86: =线管桥架计算!T28 -> 0
A87: =线管桥架计算!Q30 -> RVSP-2*0.5 | B87: =线管桥架计算!R30 -> 6.9 | C87: =线管桥架计算!S30 -> 37.392807 | D87: =线管桥架计算!T30 -> 0
A88: =线管桥架计算!Q31 -> RVSP-2*0.75 | B88: =线管桥架计算!R31 -> 7.4 | C88: =线管桥架计算!S31 -> 43.008403 | D88: =线管桥架计算!T31 -> 0
A89: =线管桥架计算!Q32 -> RVSP-2*1.0 | B89: =线管桥架计算!R32 -> 8.2 | C89: =线管桥架计算!S32 -> 52.810173 | D89: =线管桥架计算!T32 -> 0
A90: =线管桥架计算!Q33 -> RVSP-2*1.5 | B90: =线管桥架计算!R33 -> 9.4 | C90: =线管桥架计算!S33 -> 69.397782 | D90: =线管桥架计算!T33 -> 0
A91: =线管桥架计算!Q34 -> RVSP-2*2.5 | B91: =线管桥架计算!R34 -> 11.5 | C91: =线管桥架计算!S34 -> 103.86891 | D91: =线管桥架计算!T34 -> 0
A92: =线管桥架计算!V9 -> HTP-2*20/0.10 | B92: =线管桥架计算!W9 -> 6 | C92: =线管桥架计算!X9 -> 28.274334 | D92: =线管桥架计算!Y9 -> 0
A93: =线管桥架计算!V10 -> HTP-2*27/0.10 | B93: =线管桥架计算!W10 -> 6 | C93: =线管桥架计算!X10 -> 28.274334 | D93: =线管桥架计算!Y10 -> 0
A94: =线管桥架计算!V11 -> HTP-2*37/0.10 | B94: =线管桥架计算!W11 -> 6 | C94: =线管桥架计算!X11 -> 28.274334 | D94: =线管桥架计算!Y11 -> 0
A95: =线管桥架计算!V12 -> HTP-2*48/0.10 | B95: =线管桥架计算!W12 -> 6 | C95: =线管桥架计算!X12 -> 28.274334 | D95: =线管桥架计算!Y12 -> 0
A96: =线管桥架计算!V13 -> HTP-3*20/0.10 | B96: =线管桥架计算!W13 -> 6.15 | C96: =线管桥架计算!X13 -> 29.705722 | D96: =线管桥架计算!Y13 -> 0
A97: =线管桥架计算!V14 -> HTP-3*27/0.10 | B97: =线管桥架计算!W14 -> 6.05 | C97: =线管桥架计算!X14 -> 28.747536 | D97: =线管桥架计算!Y14 -> 0
A98: =线管桥架计算!V17 -> GYX-2*1.0 | B98: =线管桥架计算!W17 -> 8.4 | C98: =线管桥架计算!X17 -> 55.417694 | D98: =线管桥架计算!Y17 -> 0
A99: =线管桥架计算!V18 -> GYX-2*1.5 | B99: =线管桥架计算!W18 -> 8.72 | C99: =线管桥架计算!X18 -> 59.72042 | D99: =线管桥架计算!Y18 -> 0
A100: =线管桥架计算!V19 -> GYX-2*2.0 | B100: =线管桥架计算!W19 -> 9.14 | C100: =线管桥架计算!X19 -> 65.611848 | D100: =线管桥架计算!Y19 -> 0
A101: =线管桥架计算!V20 -> GYX-2*2.5 | B101: =线管桥架计算!W20 -> 9.62 | C101: =线管桥架计算!X20 -> 72.684202 | D101: =线管桥架计算!Y20 -> 0
A102: =线管桥架计算!V21 -> GYX-2*3.0 | B102: =线管桥架计算!W21 -> 10.9 | C102: =线管桥架计算!X21 -> 93.313156 | D102: =线管桥架计算!Y21 -> 0
A103: =线管桥架计算!V22 -> GYX-2*3.5 | B103: =线管桥架计算!W22 -> 11.32 | C103: =线管桥架计算!X22 -> 100.64281 | D103: =线管桥架计算!Y22 -> 0
A104: =线管桥架计算!V23 -> GYX-2*4.0 | B104: =线管桥架计算!W23 -> 12.08 | C104: =线管桥架计算!X23 -> 114.61033 | D104: =线管桥架计算!Y23 -> 0
A105: =线管桥架计算!V26 -> SYV-75-5 | B105: =线管桥架计算!W26 -> 7.5 | C105: =线管桥架计算!X26 -> 44.178647 | D105: =线管桥架计算!Y26 -> 0
A106: =线管桥架计算!V27 -> SYV-75-7 | B106: =线管桥架计算!W27 -> 11.6 | C106: =线管桥架计算!X27 -> 105.68318 | D106: =线管桥架计算!Y27 -> 0
A107: =线管桥架计算!V28 -> SYV-75-9 | B107: =线管桥架计算!W28 -> 12.6 | C107: =线管桥架计算!X28 -> 124.68981 | D107: =线管桥架计算!Y28 -> 0
A108: =线管桥架计算!V29 -> SYV-75-12 | B108: =线管桥架计算!W29 -> 15.4 | C108: =线管桥架计算!X29 -> 186.26503 | D108: =线管桥架计算!Y29 -> 0
...

Sheet QD
A1: 规格 | B1: 外径 | C1: 截面积 | D1: 根数
A2: =线管桥架计算!#REF! -> #REF! | B2: =线管桥架计算!#REF! -> #REF! | C2: =线管桥架计算!#REF! -> #REF! | D2: =线管桥架计算!#REF! -> #REF!
A3: =线管桥架计算!#REF! -> #REF! | B3: =线管桥架计算!#REF! -> #REF! | C3: =线管桥架计算!#REF! -> #REF! | D3: =线管桥架计算!#REF! -> #REF!
A4: =线管桥架计算!#REF! -> #REF! | B4: =线管桥架计算!#REF! -> #REF! | C4: =线管桥架计算!#REF! -> #REF! | D4: =线管桥架计算!#REF! -> #REF!
A5: =线管桥架计算!#REF! -> #REF! | B5: =线管桥架计算!#REF! -> #REF! | C5: =线管桥架计算!#REF! -> #REF! | D5: =线管桥架计算!#REF! -> #REF!
A6: =线管桥架计算!#REF! -> #REF! | B6: =线管桥架计算!#REF! -> #REF! | C6: =线管桥架计算!#REF! -> #REF! | D6: =线管桥架计算!#REF! -> #REF!
A7: =线管桥架计算!#REF! -> #REF! | B7: =线管桥架计算!#REF! -> #REF! | C7: =线管桥架计算!#REF! -> #REF! | D7: =线管桥架计算!#REF! -> #REF!
A8: =线管桥架计算!#REF! -> #REF! | B8: =线管桥架计算!#REF! -> #REF! | C8: =线管桥架计算!#REF! -> #REF! | D8: =线管桥架计算!#REF! -> #REF!
A9: =线管桥架计算!#REF! -> #REF! | B9: =线管桥架计算!#REF! -> #REF! | C9: =线管桥架计算!#REF! -> #REF! | D9: =线管桥架计算!#REF! -> #REF!
A10: =线管桥架计算!#REF! -> #REF! | B10: =线管桥架计算!#REF! -> #REF! | C10: =线管桥架计算!#REF! -> #REF! | D10: =线管桥架计算!#REF! -> #REF!
A11: =线管桥架计算!#REF! -> #REF! | B11: =线管桥架计算!#REF! -> #REF! | C11: =线管桥架计算!#REF! -> #REF! | D11: =线管桥架计算!#REF! -> #REF!
A12: =线管桥架计算!#REF! -> #REF! | B12: =线管桥架计算!#REF! -> #REF! | C12: =线管桥架计算!#REF! -> #REF! | D12: =线管桥架计算!#REF! -> #REF!
A13: =线管桥架计算!#REF! -> #REF! | B13: =线管桥架计算!#REF! -> #REF! | C13: =线管桥架计算!#REF! -> #REF! | D13: =线管桥架计算!#REF! -> #REF!
... A57: =线管桥架计算!#REF! -> #REF! | B57: =线管桥架计算!#REF! -> #REF! | C57: =线管桥架计算!#REF! -> #REF! | D57: =线管桥架计算!#REF! -> #REF!
